Label,Area,Remove
C06-F01,2933548.699,FALSE
C06-F02,3010978.2,FALSE
C06-F03,2709144.075,FALSE
C06-F04,2779166.27,FALSE
C06-F05,2772766.575,FALSE
C06-F06,3101479.419,FALSE
C06-F07,2742701.624,FALSE
C06-F08,2774451.601,FALSE
C06-F09,2965128.47,FALSE
C06-F10,2993253.088,FALSE
C06-F11,2729469.915,FALSE
C06-F12,2796442.042,FALSE
C06-F13,3024771.585,FALSE
C06-F14,2920538.255,FALSE
C06-F15,2920831.007,FALSE
C06-F16,2845712.885,FALSE
C06-F17,3018177.857,FALSE
C06-F18,3056395.61,FALSE
C06-F19,3059537.588,FALSE
C06-F20,2796418.213,FALSE
C06-F21,2949486.663,FALSE
C06-F22,2992170.586,FALSE
C06-F23,2981161.749,FALSE
C06-F24,2783649.46,FALSE
C06-F25,2949105.404,FALSE
C06-F26,3203054.152,FALSE
C06-F28,3217797.279,FALSE
C06-F29,3125832.301,FALSE
C06-F30,2996309.963,FALSE
C06-F31,3104151.632,FALSE
C06-F32,3001385.466,FALSE
C06-F34,3085238.491,FALSE
C06-F35,3105424.763,FALSE
C06-F36,3111310.44,FALSE
C06-F37,2624848.518,FALSE
C06-F38,3115497.474,FALSE
C06-F39,3172029.248,FALSE
C06-F40,3089939.543,FALSE
C06-F41,2951294.236,FALSE
C06-F42,3003094.321,FALSE
C06-F44,3011795.183,FALSE
C06-F45,2999254.504,FALSE
C06-F46,3003547.065,FALSE
C06-F47,2968641.495,FALSE
C06-F48,3023981.836,FALSE
C06-F49,2988514.59,FALSE
C06-F50,2863591.182,FALSE
C06-F51,2823256.083,FALSE
C06-F52,2885724.595,FALSE
C06-F53,2908869.024,FALSE
C06-F54,3152414.864,FALSE
C06-F55,3002399.886,FALSE
C06-F56,2915918.901,FALSE
C06-F57,3053675.74,FALSE
C06-F58,3087294.563,FALSE
C06-F59,3122087.798,FALSE
C06-F60,3053454.474,FALSE
C06-F61,2962503.915,FALSE
C06-F62,3023433.777,FALSE
C06-F63,3017878.297,FALSE
C06-F64,3096805.599,FALSE
C06-M01,2542156.289,FALSE
C06-M02,2515846.053,FALSE
C06-M03,2514634.196,FALSE
C06-M04,2667399.681,FALSE
C06-M05,2468597.241,FALSE
C06-M06,2516411.133,FALSE
C06-M07,2672733.895,FALSE
C06-M08,2705205.539,FALSE
C06-M09,2555245.027,FALSE
C06-M10,2499227.271,FALSE
C06-M11,2789824.485,FALSE
C06-M12,2695146.444,FALSE
C06-M13,2531933.797,FALSE
C06-M14,2472096.649,FALSE
C06-M15,2567217.222,FALSE
C06-M16,2562369.793,FALSE
C06-M17,2892696.178,FALSE
C06-M18,2674915.919,FALSE
C06-M19,2682629.594,FALSE
C06-M20,2593646.601,FALSE
C06-M21,2819412.862,FALSE
C06-M22,2493167.985,FALSE
C06-M23,2783989.869,FALSE
C06-M24,2698084.176,FALSE
C06-M25,2533400.961,FALSE
C06-M26,2718335.126,FALSE
C06-M27,2572323.362,FALSE
C06-M28,2578181.806,FALSE
C06-M29,2652867.608,FALSE
C06-M30,2587209.461,FALSE
C06-M31,2480943.887,FALSE
C06-M32,2712623.058,FALSE
C06-M33,2768409.335,FALSE
C06-M34,2613625.223,FALSE
C06-M35,2534357.511,FALSE
C06-M36,2825390.449,FALSE
C06-M37,2623966.858,FALSE
C06-M38,2571550.632,FALSE
C06-M39,2625587.206,FALSE
C06-M40,2584023.23,FALSE
C06-M41,2713263.027,FALSE
C06-M42,2667923.912,FALSE
C06-M43,2675031.658,FALSE
C06-M44,2610830.463,FALSE
C06-M45,2707162.893,FALSE
C06-M47,2677969.39,FALSE
C06-M49,2690935.581,FALSE
C06-M50,2651713.62,FALSE
C06-M51,2714430.631,FALSE
C06-M52,2505810.787,FALSE
C06-M53,2642982.122,FALSE
C06-M54,2614435.397,FALSE
C06-M55,2642999.142,FALSE
C06-M56,2788010.103,FALSE
C06-M57,2673108.345,FALSE
C06-M58,2495642.761,FALSE
C06-M59,2604703.095,FALSE
C10-FA01,2653528.002,FALSE
C10-FA02,2885394.398,FALSE
C10-FA03,2755531.651,FALSE
C10-FA04,2846424.341,FALSE
C10-FA05,2254980.188,FALSE
C10-FA06,2751640.773,FALSE
C10-FA07,2725653.926,FALSE
C10-FA08,2879678.926,FALSE
C10-FA09,2925763.538,FALSE
C10-FA10,2750367.642,FALSE
C10-FA11,2720786.073,FALSE
C10-FA12,2698754.783,FALSE
C10-FA13,2779241.16,FALSE
C10-FA14,2855465.612,FALSE
C10-FA15,2652452.309,FALSE
C10-FA16,2855686.878,FALSE
C10-FA17,2862859.302,FALSE
C10-FA18,2813608.883,FALSE
C10-FA19,2840324.206,FALSE
C10-FA20,2399660.952,FALSE
C10-FA21,2914975.967,FALSE
C10-FA22,2889057.202,FALSE
C10-FA23,2934147.819,FALSE
C10-FA24,2684454.188,FALSE
C10-FA25,2925661.415,FALSE
C10-FA26,2657149.957,FALSE
C10-FA27,2798797.674,FALSE
C10-F-A28,2737513.787,FALSE
C10-F-A29,2860483.245,FALSE
C10-F-A29A,2859587.969,FALSE
C10-F-A30,2782549.938,FALSE
C10-F-A31,2887630.887,FALSE
C10-F-A32,2914288.34,FALSE
C10-F-A33,2834812.979,FALSE
C10-F-A34,2906659.768,FALSE
C10-F-A35,2980828.148,FALSE
C10-F-A36,2947930.992,FALSE
C10-F-A37,2780405.359,FALSE
C10-F-A38,2753986.193,FALSE
C10-F-A39,2918141.774,FALSE
C10-F-A40,2990594.491,FALSE
C10-F-A41,2964434.035,FALSE
C10-F-A42,2772572.541,FALSE
C10-F-A43,2946109.802,FALSE
C10-F-A44,2690506.665,FALSE
C10-F-A449,3018971.011,FALSE
C10-F-A45,2883586.825,FALSE
C10-F-A46,2583836.004,FALSE
C10-F-A47,2647407.443,FALSE
C10-F-A48,2855785.597,FALSE
C10-F-A49,2952744.38,FALSE
C10-F-A50,2797847.932,FALSE
C10-M01,2258527.253,FALSE
C10-M02,2575986.166,FALSE
C10-M03,2532866.519,FALSE
C10-M04,2350529.677,FALSE
C10-M05,2307461.091,FALSE
C10-M06,2453173.296,FALSE
C10-M07,2227090.454,FALSE
C10-M08,2278883.73,FALSE
C10-M09,2606418.758,FALSE
C10-M10,2231604.281,FALSE
C10-M11,2175954.167,FALSE
C10-M12,2328590.297,FALSE
C10-M13,2511815.607,FALSE
C10-M14,2540624.447,FALSE
C10-M15,2496367.833,FALSE
C10-M16,2305823.722,FALSE
C10-M17,2430869.678,FALSE
C10-M18,2472355.36,FALSE
C10-M19,2544402.99,FALSE
C10-M20,2500449.34,FALSE
C10-M21,2412102.913,FALSE
C10-M22,2356748.955,FALSE
C10-M23,2315457.306,FALSE
C10-M24,2584009.613,FALSE
C10-M25,2052872.374,FALSE
C10-M26,2270329.244,FALSE
C10-M27,2409451.124,FALSE
C10-M28,2294879.563,FALSE
C10-M29,2117362.917,FALSE
C10-M30,2413372.639,FALSE
C10-M31,2383403.004,FALSE
C10-M32,2362883.131,FALSE
C10-M33,2595168.23,FALSE
C10-M34,2502359.037,FALSE
C10-M35,2091287.564,FALSE
C10-M36,2130114.65,FALSE
C10-M37,2602813.823,FALSE
C10-M38,2416895.876,FALSE
C10-M39,2399848.177,FALSE
C10-M40,2205341.703,FALSE
C10-M41,2182357.266,FALSE
C10-M42,1988872.02,FALSE
C10-M43,2434780.981,FALSE
C10-M44,2712282.649,FALSE
C10-M45,2487871.216,FALSE
C10-M46,2993341.594,FALSE
C10-M47,2784088.588,FALSE
C10-M48,2336637.573,FALSE
C10-M49,2007621.764,FALSE
C10-M50,2367243.774,FALSE
C10-M51,2180505.44,FALSE
C10-M52,2327412.481,FALSE
C10-M53,2155444.506,FALSE
C10-M54,2297834.316,FALSE
C10-M55,2308043.191,FALSE
C10-M56,2374259.61,FALSE
C35-F01,2796636.075,FALSE
C35-F01,2819879.223,FALSE
C35-F02,2370392.56,FALSE
C35-F02,2974663.335,FALSE
C35-F03,2816390.027,FALSE
C35-F03,2787700.331,FALSE
C35-F04,2862552.934,FALSE
C35-F04,3102262.36,FALSE
C35-F05,2242916.082,FALSE
C35-F05,2830578.287,FALSE
C35-F06,2714811.89,FALSE
C35-F07,2992262.496,FALSE
C35-F08,2991551.041,FALSE
C35-F09,2277549.325,FALSE
C35-F09,2718580.221,FALSE
C35-F10,2914053.458,FALSE
C35-F11,2809833.744,FALSE
C35-F11,2527423.374,FALSE
C35-F12,2219485.71,FALSE
C35-F12,2923067.496,FALSE
C35-F13,2411023.815,FALSE
C35-F14,2466214.376,FALSE
C35-F14,2764889.503,FALSE
C35-F15,2501028.036,FALSE
C35-F15,2964583.816,FALSE
C35-F16,2773947.795,FALSE
C35-F16,2931472.202,FALSE
C35-F17,2389646.11,FALSE
C35-F17,2837733.691,FALSE
C35-F18,2835558.476,FALSE
C35-F18,2971286.475,FALSE
C35-F19,2923996.814,FALSE
C35-F20,2386078.621,FALSE
C35-F20,2822558.244,FALSE
C35-F21,2811368.99,FALSE
C35-F21,2821451.914,FALSE
C35-F22,2301394.997,FALSE
C35-F22,2970775.861,FALSE
C35-F23,2373973.666,FALSE
C35-F24,2116188.505,FALSE
C35-F25,2347431.952,FALSE
C35-F26,2869282.826,FALSE
C35-F27,2485229.64,FALSE
C35-FB01,2944986.452,FALSE
C35-FB02,2349059.109,FALSE
C35-FB03,2445820.455,FALSE
C35-M01,2222178.347,FALSE
C35-M02,2363472.039,FALSE
C35-M02,2559632.903,FALSE
C35-M03,2235661.96,FALSE
C35-M03,2574359.009,FALSE
C35-M04,2274996.255,FALSE
C35-M04,2493712.64,FALSE
C35-M05,2289358.124,FALSE
C35-M05,2597564.712,FALSE
C35-M06,2322939.502,FALSE
C35-M06,2381585.218,FALSE
C35-M07,2116140.848,FALSE
C35-M07,2443675.876,FALSE
C35-M08,2612621.016,FALSE
C35-M08,2473424.245,FALSE
C35-M09,2321901.254,FALSE
C35-M09,2440462.412,FALSE
C35-M10,2126404.188,FALSE
C35-M11,2579992.783,FALSE
C35-M11,2570679.185,FALSE
C35-M12,2264300.595,FALSE
C35-M12,2496929.508,FALSE
C35-M13,2058135.102,FALSE
C35-M13,2308666.14,FALSE
C35-M14,2119960.24,FALSE
C35-M14,2398343.568,FALSE
C35-M15,2173520.241,FALSE
C35-M15,2551119.266,FALSE
C35-M16,2173377.269,FALSE
C35-M16,2338581.31,FALSE
C35-M17,2240618.319,FALSE
C35-M17,2448472.243,FALSE
C35-M18,2328035.43,FALSE
C35-M18,2491694.013,FALSE
C35-M19,2114312.85,FALSE
C35-M19,2525922.169,FALSE
C35-M20,2432524.067,FALSE
C35-M20,2558553.805,FALSE
C35-M21,2170582.508,FALSE
C35-M21,2393097.861,FALSE
C35-M22,2143482.523,FALSE
C35-M22,2447604.199,FALSE
C35-M23,2102248.744,FALSE
C35-M23,2426903.909,FALSE
C35-M24,2173996.814,FALSE
C35-M24,2421059.081,FALSE
C35-M25,2571911.466,FALSE
C35-M25,2436476.219,FALSE
C35-M26,2194438.393,FALSE
C35-M26,2551909.015,FALSE
C35-M27,2066127.912,FALSE
C35-M28,2505385.275,FALSE
C35-M29,2343602.347,FALSE
C35-M30,2103276.78,FALSE
C35-M31,2097431.952,FALSE
C35-M32,2000500.402,FALSE
C35-MB01,2101574.733,FALSE
C35-MB02,2410036.628,FALSE
C35-MB03,2465268.038,FALSE
C35-MB04,2373810.269,FALSE
C36-F01,2869507.496,FALSE
C36-F01,2890830.735,FALSE
C36-F02,2988419.275,FALSE
C36-F02,2897032.992,FALSE
C36-F03,2934801.405,FALSE
C36-F03,2712483.49,FALSE
C36-F04,2788054.357,FALSE
C36-F04,2662140.358,FALSE
C36-F05,2593336.828,FALSE
C36-F05,2819412.862,FALSE
C36-F06,3005490.802,FALSE
C36-F06,2822885.037,FALSE
C36-F07,2831197.832,FALSE
C36-F07,2771677.265,FALSE
C36-F08,2913079.887,FALSE
C36-F09,2836831.606,FALSE
C36-F09,2814933.076,FALSE
C36-F10,2918104.329,FALSE
C36-F10,2841175.229,FALSE
C36-F11,2723243.828,FALSE
C36-F12,2837682.63,FALSE
C36-F13,2900985.145,FALSE
C36-F14,2844232.105,FALSE
C36-F15,2834540.652,FALSE
C36-F16,2720316.308,FALSE
C36-F17,2670585.913,FALSE
C36-F18,3009320.407,FALSE
C36-F19,2939887.12,FALSE
C36-F20,2882950.259,FALSE
C36-F21,3031715.935,FALSE
C36-F22,2716874.77,FALSE
C36-F23,2890759.249,FALSE
C36-F24,2901288.109,FALSE
C36-F25,2997259.705,FALSE
C36-F26,3160421.291,FALSE
C36-F27,2926304.789,FALSE
C36-F28,2845903.514,FALSE
C36-F29,2966241.609,FALSE
C36-F30,3005490.802,FALSE
C36-F31,2901070.247,FALSE
C36-F32,2645211.803,FALSE
C36-F33,2788980.27,FALSE
C36-F34,2962330.306,FALSE
C36-F35,2597700.876,FALSE
C36-F36,2957751.801,FALSE
C36-F37,2866995.275,FALSE
C36-F38,2831289.743,FALSE
C36-F39,2869830.885,FALSE
C36-F40,2814088.86,FALSE
C36-F41,2848456.584,FALSE
C36-F42,2921484.593,FALSE
C36-F43,3053754.034,FALSE
C36-F44,2949384.54,FALSE
C36-F45,2864472.842,FALSE
C36-F46,2865953.623,FALSE
C36-F47,2737571.656,FALSE
C36-F48,2936384.308,FALSE
C36-F49,3043562.179,FALSE
C36-F50,2995618.932,FALSE
C36-F51,3078212.443,FALSE
C36-F52,2849025.068,FALSE
C36-F53,2849086.341,FALSE
C36-F54,2939502.458,FALSE
C36-F55,2840930.134,FALSE
C36-M01,2512384.091,FALSE
C36-M01,2530524.503,FALSE
C36-M02,2580646.369,FALSE
C36-M02,2399592.87,FALSE
C36-M03,2531787.421,FALSE
C36-M03,2430825.424,FALSE
C36-M04,2526994.458,FALSE
C36-M04,2369432.606,FALSE
C36-M05,2559588.649,FALSE
C36-M05,2479779.687,FALSE
C36-M06,2480586.457,FALSE
C36-M06,2359982.843,FALSE
C36-M07,2603688.675,FALSE
C36-M07,2525959.614,FALSE
C36-M08,2554564.208,FALSE
C36-M08,2460972.073,FALSE
C36-M09,2473386.8,FALSE
C36-M09,2464648.493,FALSE
C36-M10,2663845.808,FALSE
C36-M10,2441504.064,FALSE
C36-M11,2443189.091,FALSE
C36-M11,2512295.584,FALSE
C36-M12,2407864.817,FALSE
C36-M12,2421654.798,FALSE
C36-M13,2516451.982,FALSE
C36-M13,2612672.077,FALSE
C36-M14,2622615.433,FALSE
C36-M15,2447757.383,FALSE
C36-M16,2433878.896,FALSE
C36-M17,2560844.76,FALSE
C36-M18,2611232.146,FALSE
C36-M19,2598820.822,FALSE
C36-M20,2625961.656,FALSE
C36-M21,2615745.973,FALSE
C36-M22,2457326.289,FALSE
C36-M23,2807158.127,FALSE
C36-M24,2484524.993,FALSE
C36-M25,2566897.237,FALSE
C36-M26,2488432.892,FALSE
C36-M27,2471436.255,FALSE
C36-M28,2608944.595,FALSE
C36-M29,2597108.563,FALSE
C36-M30,2551704.77,FALSE
C36-M31,2514848.654,FALSE
C36-M32,2493831.783,FALSE
C36-M33,2513681.05,FALSE
C36-M34,2430110.565,FALSE
C36-M35,2506774.145,FALSE
C36-M36,2522211.707,FALSE
C36-M37,2494767.909,FALSE
C36-M38,2499029.833,FALSE
C36-M39,2431720.701,FALSE
C36-M40,2471708.582,FALSE
C36-M41,2610684.087,FALSE
C36-M42,2534599.202,FALSE
C36-M43,2421287.156,FALSE
C36-M44,2563826.745,FALSE
C36-M45,2591100.339,FALSE
C36-M46,2564456.502,FALSE
C36-M47,2996844.406,FALSE
C38-F01,2768841.655,FALSE
C38-F02,2955678.708,FALSE
C38-F02,2954143.462,FALSE
C38-F03,2785691.916,FALSE
C38-F03,3046870.958,FALSE
C38-F04,3079482.169,FALSE
C38-F04,3004425.321,FALSE
C38-F05,2951964.843,FALSE
C38-F05,2828624.338,FALSE
C38-F06,2766036.683,FALSE
C38-F06,2830472.76,FALSE
C38-F07,2747256.301,FALSE
C38-F07,2958636.865,FALSE
C38-F08,2909556.651,FALSE
C38-F08,2924895.494,FALSE
C38-F09,2891501.341,FALSE
C38-F09,3015699.677,FALSE
C38-F10,3032852.902,FALSE
C38-F10,2959845.318,FALSE
C38-F11,2923615.555,FALSE
C38-F11,3092928.337,FALSE
C38-F12,2610588.772,FALSE
C38-F12,2909301.344,FALSE
C38-F13,2814262.469,FALSE
C38-F13,3078100.108,FALSE
C38-F14,2694217.127,FALSE
C38-F15,2710706.554,FALSE
C38-F16,2720690.759,FALSE
C38-F16,3018661.238,FALSE
C38-F17,2915558.067,FALSE
C38-F17,2837029.044,FALSE
C38-F18,2848020.86,FALSE
C38-F18,3025217.522,FALSE
C38-F19,2669234.488,FALSE
C38-F19,2994066.666,FALSE
C38-F20,2629934.233,FALSE
C38-F20,2774369.902,FALSE
C38-F21,2736839.776,FALSE
C38-F21,2988916.273,FALSE
C38-F22,2742412.277,FALSE
C38-F22,2934423.551,FALSE
C38-M37A,2433752.945,FALSE
C38-F24,2418815.784,FALSE
C38-F25,2697801.637,FALSE
C38-F25,2921790.961,FALSE
C38-F26,2789787.04,FALSE
C38-F26,2913811.767,FALSE
C38-F27,2815824.948,FALSE
C38-F28,2910622.132,FALSE
C38-F28,3023845.672,FALSE
C38-F29,3162555.657,FALSE
C38-F29,3033656.268,FALSE
C38-F30,2872846.911,FALSE
C38-F30,2811164.744,FALSE
C38-F31,2981958.307,FALSE
C38-F33,2872908.185,FALSE
C38-M38A,2328474.558,FALSE
C38-F34,2976024.972,FALSE
C38-F34,2824604.104,FALSE
C38-F35,2769216.105,FALSE
C38-F35,2855332.852,FALSE
C38-F36,2636527.961,FALSE
C38-F36,2897220.218,FALSE
C38-F37,2831640.364,FALSE
C38-F38,2782774.608,FALSE
C38-F39,2807423.646,FALSE
C38-F40,2485345.379,FALSE
C38-F41,2365701.72,FALSE
C38-F42,2587141.379,FALSE
C38-F43,2547333.914,FALSE
C38-F44,2459355.129,FALSE
C38-F-A01,3097050.694,FALSE
C38-F-A02,3046074.4,FALSE
C38-F-A03,3031140.644,FALSE
C38-F-A04,3079839.599,FALSE
C38-F-A05,2948421.182,FALSE
C38-F-A06,3043800.466,FALSE
C38-F-A07,3096516.251,FALSE
C38-F-A08,2945636.633,FALSE
C38-F-A09,2921702.455,FALSE
C38-F-A11,2990928.092,FALSE
C38-F-A12,2967276.453,FALSE
C38-F-A12A,2963508.122,FALSE
C38-F-A13,3186306.014,FALSE
C38-F-A14,2966990.509,FALSE
C38-F-A15,3014811.209,FALSE
C38-F-A16,2899889.027,FALSE
C38-M01,2483837.366,FALSE
C38-M01,2483027.192,FALSE
C38-M01,2557811.713,FALSE
C38-M01,2543293.256,FALSE
C38-M02,2522242.344,FALSE
C38-M02,2516074.128,FALSE
C38-M02,2588935.336,FALSE
C38-M02,2616317.861,FALSE
C38-M03,2573885.84,FALSE
C38-M03,2588138.778,FALSE
C38-M03,2736465.326,FALSE
C38-M03,2532127.831,FALSE
C38-M04,2598551.899,FALSE
C38-M04,2562516.169,FALSE
C38-M04,2645167.549,FALSE
C38-M05,2607759.971,FALSE
C38-M05,2579911.085,FALSE
C38-M05,2680627.987,FALSE
C38-M05,2595750.33,FALSE
C38-M06,2365214.934,FALSE
C38-M06,2567925.273,FALSE
C38-M06,2626989.692,FALSE
C38-M06,2620399.368,FALSE
C38-M07,2451038.929,FALSE
C38-M07,2370916.79,FALSE
C38-M07,2428503.833,FALSE
C38-M07,2642056.208,FALSE
C38-M08,2465169.32,FALSE
C38-M08,2531280.211,FALSE
C38-M08,2791220.163,FALSE
C38-M09,2466422.026,FALSE
C38-M09,2564916.055,FALSE
C38-M09,2565607.086,FALSE
C38-M09,2632184.338,FALSE
C38-M10,2349321.224,FALSE
C38-M10,2403619.913,FALSE
C38-M10,2505341.022,FALSE
C38-M10,2532975.45,FALSE
C38-M11,2394224.616,FALSE
C38-M11,2432061.11,FALSE
C38-M11,2516993.233,FALSE
C38-M11,2515716.698,FALSE
C38-M12,2369752.591,FALSE
C38-M12,2278921.175,FALSE
C38-M12,2475609.673,FALSE
C38-M12,2546775.643,FALSE
C38-M13,2531368.718,FALSE
C38-M13,2587686.034,FALSE
C38-M13,2621410.384,FALSE
C38-M13,2466078.212,FALSE
C38-M14,2372390.763,FALSE
C38-M14,2367025.912,FALSE
C38-M14,2527402.949,FALSE
C38-M14,2561886.412,FALSE
C38-M15,2295962.065,FALSE
C38-M15,2416293.351,FALSE
C38-M15,2333158.59,FALSE
C38-M15,2487146.145,FALSE
C38-M16,2459058.973,FALSE
C38-M16,2191585.763,FALSE
C38-M16,2521769.175,FALSE
C38-M17,2320451.11,FALSE
C38-M17,2541819.284,FALSE
C38-M18,2580959.546,FALSE
C38-M18,2387784.072,FALSE
C38-M18,2574563.255,FALSE
C38-M19,2536920.794,FALSE
C38-M19,2431645.811,FALSE
C38-M19,2397039.801,FALSE
C38-M19,2538136.055,FALSE
C38-M20,2391811.114,FALSE
C38-M20,2491384.24,FALSE
C38-M20,2335507.414,FALSE
C38-M21,2390510.75,FALSE
C38-M21,2692770.387,FALSE
C38-M21,2679126.782,FALSE
C38-M21,2525503.465,FALSE
C38-M22,2313431.87,FALSE
C38-M22,2347823.423,FALSE
C38-M22,2701947.822,FALSE
C38-M22,2567125.311,FALSE
C38-M23,2318905.652,FALSE
C38-M23,2478955.897,FALSE
C38-M23,2444080.963,FALSE
C38-M23,2528022.494,FALSE
C38-M24,2238225.242,FALSE
C38-M24,2587679.226,FALSE
C38-M24,2555401.615,FALSE
C38-M25,2962170.314,FALSE
C38-M25,2419779.142,FALSE
C38-M25,2444771.994,FALSE
C38-M26,2246395.065,FALSE
C38-M26,2357535.3,FALSE
C38-M26,2481577.048,FALSE
C38-M27,2488545.227,FALSE
C38-M28,2596451.573,FALSE
C38-M29,2638897.21,FALSE
C38-M30,2586079.302,FALSE
C38-M31,2622029.929,FALSE
C38-M32,2655053.036,FALSE
C38-M33,2629764.028,FALSE
C38-M34,2541029.534,FALSE
C38-M35,2479609.482,FALSE
C38-M36,2574430.495,FALSE
C38-M-A01,2414366.634,FALSE
C38-M-A02,2504680.628,FALSE
C38-M-A03,3029612.206,FALSE
C38-M-A04,2637852.153,FALSE
C38-M-A05,2514739.723,FALSE
C38-M-A06,2528192.699,FALSE
C38-M-A07,2865473.646,FALSE
C38-M-A08,3035497.883,FALSE
C38-M-A09,2628821.094,FALSE
C38-M-A10,2594933.348,FALSE
C38-M-A11,2987135.932,FALSE
C38-M-A12,2435104.369,FALSE
C38-M-A13,2425269.945,FALSE
C38-M-A14,3030677.687,FALSE
C38-M-A15,2421406.299,FALSE
C38-M-A16,2574856.007,FALSE
C38-M-A17,2822949.715,FALSE
C38-M-A18,2490403.862,FALSE
C38-M-A19,2543820.89,FALSE
H08-F01,2916872.047,FALSE
H08-F01,2918029.439,FALSE
H08-F02,2946130.227,FALSE
H08-F02,2819239.253,FALSE
H08-F03,2957956.046,FALSE
H08-F03,3040900.178,FALSE
H08-F04,2912024.618,FALSE
H08-F04,2917287.346,FALSE
H08-F05,2712115.848,FALSE
H08-F05,3087662.205,FALSE
H08-F06,2839211.067,FALSE
H08-F06,2985702.809,FALSE
H08-F07,3122921.801,FALSE
H08-F07,3188593.565,FALSE
H08-F08,2853593.361,FALSE
H08-F08,2945194.101,FALSE
H08-F09,2821499.571,FALSE
H08-F09,2741935.703,FALSE
H08-F11,3170987.595,FALSE
H08-F12,3273069.539,FALSE
H08-F13,2917593.715,FALSE
H08-F14,2937061.723,FALSE
H08-F15,3024734.14,FALSE
H08-F16,3059949.483,FALSE
H08-F17,3079128.144,FALSE
H08-F18,3208990.891,FALSE
H08-F19,3200014.297,FALSE
H08-F20,3126005.91,FALSE
H08-F21,3127459.457,FALSE
H08-F22,2437429.365,FALSE
H08-F23,3025129.015,FALSE
H08-F24,3066992.552,FALSE
H08-F25,2550870.767,FALSE
H08-F26,2993804.551,FALSE
H08-F27,3241537.425,FALSE
H08-F28,3059915.442,FALSE
H08-F29,2997834.997,FALSE
H08-F30,2952659.278,FALSE
H08-F31,3057096.853,FALSE
H08-F32,3110067.946,FALSE
H08-F33,3110316.444,FALSE
H08-F34,2746289.539,FALSE
H08-F36,3140252.039,FALSE
H08-F38,3176648.602,FALSE
H08-F39,2945316.649,FALSE
H08-F40,3258445.555,FALSE
H08-F41,2996112.526,FALSE
H08-F42,3084009.613,FALSE
H08-F43,2961574.597,FALSE
H08-F44,3087965.169,FALSE
H08-F45,3083846.217,FALSE
H08-F46,3219615.065,FALSE
H08-F47,3054788.878,FALSE
H08-F48,2969758.037,FALSE
H08-F49,2982748.056,FALSE
H08-F50,3166552.062,FALSE
H08-M01,2305902.017,FALSE
H08-M01,2432040.686,FALSE
H08-M02,2501807.573,FALSE
H08-M02,2489944.309,FALSE
H08-M03,2466010.131,FALSE
H08-M03,2468825.316,FALSE
H08-M04,2550761.836,FALSE
H08-M04,2835660.598,FALSE
H08-M05,2335582.304,FALSE
H08-M05,2924146.594,FALSE
H08-M06,2467599.842,FALSE
H08-M06,2565086.26,FALSE
H08-M07,2429845.046,FALSE
H08-M07,2554530.167,FALSE
H08-M08,2416681.418,FALSE
H08-M08,2618557.754,FALSE
H08-M09,2551640.092,FALSE
H08-M09,2744941.518,FALSE
H08-M10,2506055.882,FALSE
H08-M10,2328304.353,FALSE
H08-M11,2617311.856,FALSE
H08-M12,2594415.926,FALSE
H08-M13,2514967.797,FALSE
H08-M14,2747804.36,FALSE
H08-M15,2591304.585,FALSE
H08-M16,2615718.74,FALSE
H08-M17,2665418.499,FALSE
H08-M18,2695442.6,FALSE
H08-M19,2675811.195,FALSE
H08-M20,2738807.342,FALSE
H08-M21,2549675.93,FALSE
H08-M22,2636354.352,FALSE
H08-M23,2612590.379,FALSE
H08-M24,2505279.748,FALSE
H08-M25,2513660.626,FALSE
H08-M26,2543266.023,FALSE
H08-M27,2459307.471,FALSE
H08-M28,2587185.632,FALSE
H08-M29,2559857.573,FALSE
H08-M30,2610517.286,FALSE
H08-M31,2837978.786,FALSE
H08-M32,2607620.403,FALSE
H08-M33,2848480.413,FALSE
H08-M34,2648850.778,FALSE
H08-M35,2749104.724,FALSE
H08-M36,2647032.992,FALSE
H08-M37,2640520.962,FALSE
H08-M38,2746286.134,FALSE
H08-M39,2673986.601,FALSE
H08-M40,2752559.878,FALSE
H08-M41,2528342.479,FALSE
H08-M42,2861640.637,FALSE
H08-M43,2691984.042,FALSE
H08-M44,2696402.554,FALSE
H08-M45,2715043.368,FALSE
H08-M46,2761533.067,FALSE
H08-M47,2718712.98,FALSE
H08-M48,2617945.017,FALSE
H08-M49,2538503.697,FALSE
H08-M50,2733272.287,FALSE
H08-M51,2746364.429,FALSE
H08-M52,2711366.948,FALSE
H08-M53,2568177.176,FALSE
H08-M54,2524070.342,FALSE
H08-M55,2651597.881,FALSE
H14-F01,3415132.555,FALSE
H14-F01,3063248.049,FALSE
H14-F02,3315137.321,FALSE
H14-F02,3154576.463,FALSE
H14-F03,3062437.875,FALSE
H14-F03,3214607.644,FALSE
H14-F04,3247103.117,FALSE
H14-F04,3305980.311,FALSE
H14-F05,3332276.93,FALSE
H14-F05,3096526.463,FALSE
H14-F06,3381336.719,FALSE
H14-F06,3287370.134,FALSE
H14-F07,3316138.124,FALSE
H14-F07,3112413.366,FALSE
H14-F08,3304996.528,FALSE
H14-F08,2974350.159,FALSE
H14-F09,3392134.503,FALSE
H14-F09,3023968.219,FALSE
H14-F10,3391685.162,FALSE
H14-F10,3420613.145,FALSE
H14-F11,3581031.032,FALSE
H14-F12,3171494.805,FALSE
H14-F13,3297953.459,FALSE
H14-F14,3246878.447,FALSE
H14-F15,3213157.501,FALSE
H14-F16,3406932.095,FALSE
H14-F17,3298198.554,FALSE
H14-F18,3257843.03,FALSE
H14-F19,3467718.985,FALSE
H14-F20,3420511.022,FALSE
H14-F21,3204340.899,FALSE
H14-F22,3356527.689,FALSE
H14-F23,3206645.471,FALSE
H14-F24,3363883.934,FALSE
H14-F25,2736390.436,FALSE
H14-F26,3280810.446,FALSE
H14-F27,2764120.178,FALSE
H14-F28,3199132.637,FALSE
H14-F29,3400930.679,FALSE
H14-F31,2826132.542,FALSE
H14-F32,3394289.293,FALSE
H14-F33,3422185.836,FALSE
H14-F34,3593084.925,FALSE
H14-F35,3418243.896,FALSE
H14-F36,3196933.593,FALSE
H14-F37,3431785.379,FALSE
H14-F38,3252927.52,FALSE
H14-F39,2556572.623,FALSE
H14-F40,3479452.894,FALSE
H14-F41,3229098.868,FALSE
H14-F42,3388046.187,FALSE
H14-F43,3453643.06,FALSE
H14-F44,3254469.574,FALSE
H14-F45,3110571.751,FALSE
H14-F46,3358485.042,FALSE
H14-F47,3150498.359,FALSE
H14-F48,3147206.601,FALSE
H14-F49,3100594.355,FALSE
H14-F50,3336848.627,FALSE
H14-F51,3183742.732,FALSE
H14-F52,3308621.887,FALSE
H14-F53,3442681.881,FALSE
H14-F54,3197913.972,FALSE
H14-M02,2725129.696,FALSE
H14-M02,2682861.072,FALSE
H14-M03,2682207.486,FALSE
H14-M03,2667995.398,FALSE
H14-M04,2785266.404,FALSE
H14-M04,2685148.623,FALSE
H14-M05,2801309.895,FALSE
H14-M05,2598922.945,FALSE
H14-M06,2849981.618,FALSE
H14-M06,2692787.408,FALSE
H14-M07,2674725.29,FALSE
H14-M07,2747981.373,FALSE
H14-M08,2803624.678,FALSE
H14-M08,2800632.48,FALSE
H14-M09,2437269.373,FALSE
H14-M09,2762084.53,FALSE
H14-M10,2969162.321,FALSE
H14-M10,2623309.868,FALSE
H14-M11,2724047.194,FALSE
H14-M12,2765869.882,FALSE
H14-M13,2777930.584,FALSE
H14-M14,2866467.641,FALSE
H14-M15,2826367.424,FALSE
H14-M16,2932891.709,FALSE
H14-M17,2999754.905,FALSE
H14-M18,2807280.674,FALSE
H14-M19,2765975.409,FALSE
H14-M20,2671797.77,FALSE
H14-M21,2800843.534,FALSE
H14-M22,3122506.502,FALSE
H14-M23,2754898.49,FALSE
H14-M24,2804206.778,FALSE
H14-M25,2876370.147,FALSE
H14-M26,2641433.259,FALSE
H14-M27,2801776.256,FALSE
H14-M28,2740039.624,FALSE
H14-M29,2606299.615,FALSE
H14-M30,2765444.37,FALSE
H14-M31,2763881.892,FALSE
H14-M32,2856207.704,FALSE
H14-M33,2703683.91,FALSE
H14-M34,2872319.277,FALSE
H14-M35,2743859.016,FALSE
H14-M36,2743736.469,FALSE
H14-M37,2773787.802,FALSE
H14-M38,2891991.531,FALSE
H14-M39,2899306.927,FALSE
H14-M40,2835769.529,FALSE
H14-M41,2758067.701,FALSE
H14-M42,2498948.135,FALSE
H14-M43,2606354.08,FALSE
H14-M44,2568817.146,FALSE
H14-M45,2704415.79,FALSE
H14-M46,2880189.54,FALSE
H14-M47,2747058.864,FALSE
H14-M48,2821148.949,FALSE
H14-M49,2799434.24,FALSE
H14-M50,2696531.91,FALSE
H18-F01,3182667.039,FALSE
H18-F01,3437684.672,FALSE
H18-F01,3168938.331,FALSE
H18-F02,3231362.59,FALSE
H18-F02,3333955.148,FALSE
H18-F02,3218903.61,FALSE
H18-F03,3162746.286,FALSE
H18-F03,3434416.743,FALSE
H18-F03,3219826.119,FALSE
H18-F04,3192457.211,FALSE
H18-F04,3124460.451,FALSE
H18-F04,3311137.512,FALSE
H18-F05,2894963.304,FALSE
H18-F05,3306647.513,FALSE
H18-F05,3194516.687,FALSE
H18-F06,3134332.321,FALSE
H18-F06,3294426.819,FALSE
H18-F06,3302463.883,FALSE
H18-F07,3323889.244,FALSE
H18-F07,3365878.733,FALSE
H18-F08,3441211.312,FALSE
H18-F08,3045733.991,FALSE
H18-F09,3296554.377,FALSE
H18-F09,3462820.495,FALSE
H18-F10,3146416.852,FALSE
H18-F10,3445640.038,FALSE
H18-F12,3201964.843,FALSE
H18-F12,3579757.901,FALSE
H18-F13,3258820.005,FALSE
H18-F13,3284997.481,FALSE
H18-F14,3281909.969,FALSE
H18-F14,3233418.663,FALSE
H18-F15,3031743.168,FALSE
H18-F15,3115824.267,FALSE
H18-F16,3200225.351,FALSE
H18-F16,3436755.355,FALSE
H18-F17,3004445.746,FALSE
H18-F18,3058397.217,FALSE
H18-F19,3510685.448,FALSE
H18-F20,3328079.683,FALSE
H18-F21,3123895.372,FALSE
H18-F22,2764545.69,FALSE
H18-F23,2975926.254,FALSE
H18-F24,3124508.109,FALSE
H18-F25,3318592.476,FALSE
H18-F26,3472910.227,FALSE
H18-F27,3283077.572,FALSE
H18-F28,3156169.578,FALSE
H18-F29,3243242.875,FALSE
H18-F30,3221317.112,FALSE
H18-F31,3377302.869,FALSE
H18-F32,3209188.328,FALSE
H18-F33,3511795.183,FALSE
H18-F34,3248052.859,FALSE
H18-F35,3295567.19,FALSE
H18-F36,3184542.694,FALSE
H18-F37,3185986.03,FALSE
H18-F38,3314681.173,FALSE
H18-F39,3132722.185,FALSE
H18-F40,3324311.352,FALSE
H18-F41,3077786.931,FALSE
H18-F42,2989304.34,FALSE
H18-M01,2664887.461,FALSE
H18-M01,2927894.5,FALSE
H18-M01,2684202.285,FALSE
H18-M02,2672686.238,FALSE
H18-M02,3092737.708,FALSE
H18-M02,2738157.16,FALSE
H18-M03,2631173.323,FALSE
H18-M03,2819164.363,FALSE
H18-M03,2918397.081,FALSE
H18-M04,2651066.843,FALSE
H18-M04,2543439.632,FALSE
H18-M04,2773678.871,FALSE
H18-M05,2624317.479,FALSE
H18-M05,2576925.695,FALSE
H18-M05,2778410.561,FALSE
H18-M07,2886381.585,FALSE
H18-M07,2690009.668,FALSE
H18-M07,2772763.17,FALSE
H18-M08,2816097.275,FALSE
H18-M08,2682639.806,FALSE
H18-M08,2742368.023,FALSE
H18-M09,2611395.542,FALSE
H18-M09,2652908.457,FALSE
H18-M10,2778849.689,FALSE
H18-M10,2767013.657,FALSE
H18-M11,2851476.015,FALSE
H18-M12,2762857.26,FALSE
H18-M13,2738688.199,FALSE
H18-M14,2731777.89,FALSE
H18-M15,2839493.607,FALSE
H18-M16,2784200.923,FALSE
H18-M17,2616065.958,FALSE
H18-M18,2793102.627,FALSE
H18-M19,2886664.125,FALSE
H18-M20,2731525.987,FALSE
H18-M21,2729166.95,FALSE
H18-M22,2648173.364,FALSE
H18-M23,2867053.145,FALSE
H18-M23,2838091.121,FALSE
H18-M24,2573678.191,FALSE
H18-M25,2801891.995,FALSE
H18-M26,2751191.433,FALSE
H18-M27,2745492.981,FALSE
H18-M28,2840473.986,FALSE
H18-M29,2865126.428,FALSE
H18-M30,2784854.509,FALSE
H18-M31,3151832.764,FALSE
H18-M32,2922590.923,FALSE
H18-M33,2634849.743,FALSE
H18-M34,2853392.519,FALSE
H18-M35,2645691.78,FALSE
H33-F01,3074209.229,FALSE
H33-F01,3135496.521,FALSE
H33-F01,3143802.508,FALSE
H33-F02,3101111.777,FALSE
H33-F02,3114067.755,FALSE
H33-F02,3150477.935,FALSE
H33-F03,3037904.576,FALSE
H33-F03,3012309.201,FALSE
H33-F03,3090616.958,FALSE
H33-F04,3035252.788,FALSE
H33-F04,3003884.07,FALSE
H33-F04,2947451.015,FALSE
H33-F05,2998590.705,FALSE
H33-F05,3146175.161,FALSE
H33-F05,2934123.991,FALSE
H33-F06,2951542.735,FALSE
H33-F06,2958653.885,FALSE
H33-F06,3301337.128,FALSE
H33-F07,3003618.551,FALSE
H33-F07,3022293.406,FALSE
H33-F07,3272150.434,FALSE
H33-F08,3047381.572,FALSE
H33-F08,2858532.7,FALSE
H33-F08,3143536.989,FALSE
H33-F09,3276521.289,FALSE
H33-F09,2981468.117,FALSE
H33-F10,3041104.424,FALSE
H33-F10,3140755.845,FALSE
H33-F11,2881901.799,FALSE
H33-F11,3190853.883,FALSE
H33-F11,3264739.723,FALSE
H33-F12,3142379.597,FALSE
H33-F12,3165738.484,FALSE
H33-F12,2807706.186,FALSE
H33-F13,3081191.024,FALSE
H33-F13,2949265.397,FALSE
H33-F14,3088938.74,FALSE
H33-F14,3084435.125,FALSE
H33-F14,3055476.505,FALSE
H33-F15,3013595.948,FALSE
H33-F15,2884189.349,FALSE
H33-F15,3010086.328,FALSE
H33-F16,3131779.251,FALSE
H33-F16,3071135.333,FALSE
H33-F16,3236693.4,FALSE
H33-F17,2985021.99,FALSE
H33-F17,2998114.132,FALSE
H33-F18,3026347.68,FALSE
H33-F18,3117866.723,FALSE
H33-F19,2969189.554,FALSE
H33-F19,3023416.756,FALSE
H33-F20,3001674.814,FALSE
H33-F20,2944761.782,FALSE
H33-F21,2982884.22,FALSE
H33-F21,3071761.686,FALSE
H33-F22,3069106.494,FALSE
H33-F22,3074294.332,FALSE
H33-F23,3082988.385,FALSE
H33-F23,3065794.311,FALSE
H33-F24,2895603.273,FALSE
H33-F25,3003536.853,FALSE
H33-F26,3019750.548,FALSE
H33-F27,3027937.392,FALSE
H33-F28,2896767.473,FALSE
H33-F29,2902622.513,FALSE
H33-F30,2964934.437,FALSE
H33-F31,2945381.327,FALSE
H33-F32,3181479.01,FALSE
H33-F33,2984879.019,FALSE
H33-F34,2936343.459,FALSE
H33-F35,2872755.001,FALSE
H33-F36,2926369.467,FALSE
H33-F37,3120327.882,FALSE
H33-F38,2954235.373,FALSE
H33-F39,3084704.048,FALSE
H33-F40,3029373.919,FALSE
H33-F41,2980290.301,FALSE
H33-F42,2945919.173,FALSE
H33-F43,2741785.923,FALSE
H33-F44,2951726.556,FALSE
H33-F45,2966473.087,FALSE
H33-F46,2880162.307,FALSE
H33-F47,2842111.355,FALSE
H33-F48,2945054.534,FALSE
H33-F49,3006964.774,FALSE
H33-F50,2739450.716,FALSE
H33-F51,3081660.789,FALSE
H33-F52,3163573.481,FALSE
H33-M01,2633420.024,FALSE
H33-M01,2777838.673,FALSE
H33-M02,2547265.832,FALSE
H33-M02,2520363.285,FALSE
H33-M03,2738385.234,FALSE
H33-M03,2584060.675,FALSE
H33-M04,2633886.385,FALSE
H33-M04,2580537.438,FALSE
H33-M05,2608842.472,FALSE
H33-M05,2746020.615,FALSE
H33-M06,2683177.653,FALSE
H33-M06,2682857.668,FALSE
H33-M07,2596277.965,FALSE
H33-M07,2739464.332,FALSE
H33-M08,2588346.428,FALSE
H33-M08,2593061.097,FALSE
H33-M09,2647329.149,FALSE
H33-M09,2532304.843,FALSE
H33-M10,2556334.336,FALSE
H33-M11,2467606.65,FALSE
H33-M12,2677615.365,FALSE
H33-M13,2602126.197,FALSE
H33-M14,2699231.356,FALSE
H33-M15,2513058.101,FALSE
H33-M16,2636704.974,FALSE
H33-M17,2708041.149,FALSE
H33-M18,2722028.567,FALSE
H33-M19,2597060.906,FALSE
H33-M20,2584646.179,FALSE
H33-M21,2625965.06,FALSE
H33-M22,2382524.748,FALSE
H33-M23,2493072.671,FALSE
H33-M24,2475054.806,FALSE
H33-M25,2508656.609,FALSE
H33-M26,2609744.557,FALSE
H33-M27,2576905.271,FALSE
H33-M28,2691898.939,FALSE
H33-M29,2433804.006,FALSE
H33-M30,2537829.686,FALSE
H33-M31,2530058.142,FALSE
H33-M32,2530817.255,FALSE
H33-M33,2645572.637,FALSE
H33-M34,2381510.328,FALSE
H33-M35,2471609.864,FALSE
H33-M36,2411476.559,FALSE
H33-M37,2695786.414,FALSE
H34-F01,2954899.171,FALSE
H34-F01,3287349.709,FALSE
H34-F01,2938821.639,FALSE
H34-F01,2839173.622,FALSE
H34-F02,2859090.971,FALSE
H34-F02,2539215.152,FALSE
H34-F02,2978942.28,FALSE
H34-F02,2927938.754,FALSE
H34-F03,3187575.741,FALSE
H34-F03,3203146.063,FALSE
H34-F03,3089970.18,FALSE
H34-F03,2917117.142,FALSE
H34-F04,3180696.069,FALSE
H34-F04,3219455.073,FALSE
H34-F04,2946174.48,FALSE
H34-F04,2949799.839,FALSE
H34-F05,3004258.52,FALSE
H34-F05,2930205.88,FALSE
H34-F05,3046966.272,FALSE
H34-F05,2982400.839,FALSE
H34-F06,3033802.644,FALSE
H34-F06,3116944.214,FALSE
H34-F06,3123891.968,FALSE
H34-F06,3056746.232,FALSE
H34-F07,2986778.502,FALSE
H34-F07,3086811.182,FALSE
H34-F07,3029714.329,FALSE
H34-F07,2963426.424,FALSE
H34-F08,3214260.427,FALSE
H34-F08,2538067.973,FALSE
H34-F08,2890190.765,FALSE
H34-F08,2831980.774,FALSE
H34-F09,3251208.453,FALSE
H34-F09,3330122.139,FALSE
H34-F11,2952996.283,FALSE
H34-F12,2923867.458,FALSE
H34-F13,3164615.133,FALSE
H34-F14,2971334.132,FALSE
H34-F15,2947420.378,FALSE
H34-F16,2737299.329,FALSE
H34-F17,3035126.837,FALSE
H34-F18,2952131.643,FALSE
H34-F19,3005882.273,FALSE
H34-F20,2907987.364,FALSE
H34-F21,3166221.865,FALSE
H34-F22,2993950.927,FALSE
H34-F23,2963327.705,FALSE
H34-F24,2905641.944,FALSE
H34-F25,2906394.248,FALSE
H34-F26,2978118.49,FALSE
H34-F27,3042268.624,FALSE
H34-F28,3063040.4,FALSE
H34-F29,3134832.723,FALSE
H34-F30,2938954.399,FALSE
H34-F31,3092829.618,FALSE
H34-F32,3127296.061,FALSE
H34-F33,3159403.467,FALSE
H34-F34,3169305.974,FALSE
H34-F35,3191296.415,FALSE
H34-F36,2984674.773,FALSE
H34-F37,3136626.68,FALSE
H34-F38,3048055.582,FALSE
H34-F39,2951719.748,FALSE
H34-F40,2880856.742,FALSE
H34-F41,2895821.135,FALSE
H34-F42,3039889.163,FALSE
H34-F43,3084333.002,FALSE
H34-F44,3193846.081,FALSE
H34-F45,3030909.165,FALSE
H34-F46,3159185.605,FALSE
H34-F47,3034905.57,FALSE
H34-F48,3069069.049,FALSE
H34-F49,3092989.611,FALSE
H34-F52,2898694.19,FALSE
H34-F53,2897141.923,FALSE
H34-F54,2856292.806,FALSE
H34-F55,2984126.714,FALSE
H34-M01,2587543.062,FALSE
H34-M01,2706202.938,FALSE
H34-M01,2463766.833,FALSE
H34-M01,2445177.081,FALSE
H34-M02,2577235.468,FALSE
H34-M02,2497875.846,FALSE
H34-M02,2409852.807,FALSE
H34-M02,2317952.506,FALSE
H34-M03,2462037.554,FALSE
H34-M03,2032920.984,FALSE
H34-M03,2367795.237,FALSE
H34-M03,2307961.493,FALSE
H34-M04,2232319.141,FALSE
H34-M04,2289987.881,FALSE
H34-M04,2433215.098,FALSE
H34-M04,2348456.584,FALSE
H34-M05,2751688.43,FALSE
H34-M05,2624865.538,FALSE
H34-M05,2579400.471,FALSE
H34-M05,2490311.951,FALSE
H34-M06,2500228.074,FALSE
H34-M06,2401958.715,FALSE
H34-M06,2441493.852,FALSE
H34-M06,2387852.153,FALSE
H34-M07,2616266.799,FALSE
H34-M07,2378341.117,FALSE
H34-M07,2406370.42,FALSE
H34-M07,2346448.169,FALSE
H34-M08,2622050.353,FALSE
H34-M08,2398929.072,FALSE
H34-M08,2435877.099,FALSE
H34-M08,2364547.732,FALSE
H34-M09,2582505.004,FALSE
H34-M09,2252985.39,FALSE
H34-M10,2460451.247,FALSE
H34-M10,2403167.168,FALSE
H34-M11,2458293.052,FALSE
H34-M12,2579665.99,FALSE
H34-M13,2753199.847,FALSE
H34-M14,2437095.764,FALSE
H34-M15,2582964.557,FALSE
H34-M16,2718597.241,FALSE
H34-M17,2564105.881,FALSE
H34-M18,2493957.735,FALSE
H34-M19,2413883.253,FALSE
H34-M20,2522358.083,FALSE
H34-M22,2555643.306,FALSE
H34-M23,2433851.663,FALSE
H34-M24,2585538.051,FALSE
H34-M25,2816018.981,FALSE
H34-M26,2662705.437,FALSE
H34-M27,2650450.702,FALSE
H34-M28,2532934.601,FALSE
H34-M29,2587127.762,FALSE
H34-M30,2469880.584,FALSE
H34-M31,2580663.39,FALSE
H34-M32,2611878.923,FALSE
H34-M33,2591886.685,FALSE
H34-M34,2540866.137,FALSE
H34-M35,2600512.656,FALSE
H34-M36,2434406.53,FALSE
H34-M37,2514811.209,FALSE
H34-M38,2499332.798,FALSE
H34-M39,2495567.871,FALSE
H34-M40,2618384.145,FALSE
H34-M41,2471630.288,FALSE
H34-M42,2538459.444,FALSE
H34-M43,2622894.568,FALSE
H34-M44,2562849.771,FALSE
H34-M45,2411200.828,FALSE
H34-M46,2727532.986,FALSE
H34-M47,2547905.802,FALSE
H34-M48,2484187.988,FALSE
H34-M49,2597251.535,FALSE
H34-M50,2407405.264,FALSE
H34-M51,2629604.036,FALSE
H34-M52,2656792.527,FALSE
H40-F01,3094541.877,FALSE
H40-F02,2987632.93,FALSE
H40-F03,3030674.283,FALSE
H40-F05,3040920.603,FALSE
H40-F06,2958864.939,FALSE
H40-F08,2945296.224,FALSE
H40-F09,2977400.226,FALSE
H40-F10,3092659.414,FALSE
H40-F11,3138532.972,FALSE
H40-F12,3126438.229,FALSE
H40-F13,2958112.635,FALSE
H40-F14,3000108.931,FALSE
H40-F15,3022143.625,FALSE
H40-F16,2955266.813,FALSE
H40-F17,3045652.292,FALSE
H40-F18,3041032.938,FALSE
H40-F19,2828481.366,FALSE
H40-F20,2938222.519,FALSE
H40-F21,3112811.645,FALSE
H40-F22,2782478.452,FALSE
H40-F23,2988994.567,FALSE
H40-F24,3010607.154,FALSE
H40-F25,3143516.564,FALSE
H40-F26,3175457.17,FALSE
H40-F27,3015144.81,FALSE
H40-F28,2967558.993,FALSE
H40-F29,3064133.114,FALSE
H40-F30,3149003.962,FALSE
H40-F31,2862437.194,FALSE
H40-F32,2801398.401,FALSE
H40-F33,2473771.463,FALSE
H40-F34,2808550.401,FALSE
H40-F35,2632003.922,FALSE
H40-F36,2765032.475,FALSE
H40-F37,2705474.462,FALSE
H40-F38,3079880.448,FALSE
H40-F39,2896624.501,FALSE
H40-F40,3114374.123,FALSE
H40-F41,2593990.414,FALSE
H40-F42,2739682.194,FALSE
H40-F43,2992327.174,FALSE
H40-F44,2990890.647,FALSE
H40-F45,3011345.842,FALSE
H40-F46,2847568.116,FALSE
H40-F47,2756954.562,FALSE
H40-F48,2713123.46,FALSE
H40-F49,3169656.595,FALSE
H40-F50,2968004.929,FALSE
H40-F51,2913794.747,FALSE
H40-F52,2886776.46,FALSE
H40-F53,3065259.868,FALSE
H40-F54,3143574.434,FALSE
H40-F55,2858805.027,FALSE
H40-F56,2994070.07,FALSE
H40-M01,2787982.871,FALSE
H40-M02,2775163.056,FALSE
H40-M03,2637719.394,FALSE
H40-M04,2792796.258,FALSE
H40-M05,2596356.259,FALSE
H40-M06,2613826.064,FALSE
H40-M07,2529026.702,FALSE
H40-M08,2568687.79,FALSE
H40-M09,2407391.648,FALSE
H40-M10,2842863.659,FALSE
H40-M11,2703905.176,FALSE
H40-M12,2568010.376,FALSE
H40-M13,2638539.78,FALSE
H40-M15,2582491.388,FALSE
H40-M16,2512414.727,FALSE
H40-M17,2476743.236,FALSE
H40-M18,2491200.419,FALSE
H40-M19,2815797.715,FALSE
H40-M20,2649946.896,FALSE
H40-M21,2435754.551,FALSE
H40-M22,2519529.282,FALSE
H40-M23,2469383.587,FALSE
H40-M24,2638485.315,FALSE
H40-M25,2555592.244,FALSE
H40-M26,2448424.586,FALSE
H40-M27,2386881.987,FALSE
H40-M28,2781052.137,FALSE
H40-M29,2593769.148,FALSE
H40-M30,2388529.568,FALSE
H40-M31,2471194.564,FALSE
H40-M32,2568691.194,FALSE
H40-M33,2539838.101,FALSE
H40-M34,2526991.054,FALSE
H40-M35,2554176.141,FALSE
H40-M36,2754507.019,FALSE
H40-M37,2614285.617,FALSE
H40-M38,2513367.874,FALSE
H40-M39,2540787.843,FALSE
H40-M40,2608675.672,FALSE
H40-M41,2530745.769,FALSE
H40-M42,2574845.795,FALSE
H40-M43,2467477.295,FALSE
H40-M44,2599600.359,FALSE
H40-M45,2411554.854,FALSE
H40-M47,2805061.206,FALSE
H40-M48,2718066.203,FALSE
H40-M49,2499023.025,FALSE
H40-M50,2596979.208,FALSE
H40-M51,2700004.085,FALSE
H40-M52,2412085.892,FALSE
H40-M53,2429218.693,FALSE
H40-M54,2567584.864,FALSE
H40-M55,2364636.239,FALSE
H41-F01,3235103.689,FALSE
H41-F01,3151298.321,FALSE
H41-F01,3018007.652,FALSE
H41-F01,3121461.445,FALSE
H41-F01,2988228.646,FALSE
H41-F01,3307093.449,FALSE
H41-F02,3424269.141,FALSE
H41-F02,3145817.731,FALSE
H41-F02,3027525.497,FALSE
H41-F02,3048634.278,FALSE
H41-F02,2942494.656,FALSE
H41-F02,3135748.424,FALSE
H41-F03,3316771.286,FALSE
H41-F03,3235331.763,FALSE
H41-F03,3195994.063,FALSE
H41-F03,3121961.847,FALSE
H41-F03,2958810.474,FALSE
H41-F04,3340242.508,FALSE
H41-F04,3311437.072,FALSE
H41-F04,3174452.962,FALSE
H41-F04,3069501.368,FALSE
H41-F04,3129375.962,FALSE
H41-F04,3047929.631,FALSE
H41-F05,3425518.443,FALSE
H41-F05,3351632.603,FALSE
H41-F05,3095246.524,FALSE
H41-F05,3121601.013,FALSE
H41-F05,3025626.013,FALSE
H41-F05,3211690.336,FALSE
H41-F06,3251732.683,FALSE
H41-F06,3256573.304,FALSE
H41-F06,3040937.623,FALSE
H41-F06,3279414.768,FALSE
H41-F06,2981971.923,FALSE
H41-F06,3108975.232,FALSE
H41-F07,3372026.525,FALSE
H41-F07,3251569.287,FALSE
H41-F07,3057181.956,FALSE
H41-F07,3251984.586,FALSE
H41-F07,2800802.685,FALSE
H41-F07,2615242.167,FALSE
H41-F08,3437905.938,FALSE
H41-F08,3333124.549,FALSE
H41-F08,3103481.026,FALSE
H41-F08,3248314.974,FALSE
H41-F08,3026197.9,FALSE
H41-F08,3039593.007,FALSE
H41-F09,3405420.678,FALSE
H41-F09,3383474.49,FALSE
H41-F09,3200524.911,FALSE
H41-F09,2593704.47,FALSE
H41-F09,3018225.514,FALSE
H41-F09,3001130.159,FALSE
H41-F10,3354958.402,FALSE
H41-F10,3339078.308,FALSE
H41-F10,3044256.614,FALSE
H41-F10,3028407.157,FALSE
H41-F10,3277436.99,FALSE
H41-F11,3411714.846,FALSE
H41-F11,3309299.301,FALSE
H41-F11,3179988.018,FALSE
H41-F11,3039783.636,FALSE
H41-F12,3133848.94,FALSE
H41-F12,3222331.531,FALSE
H41-F12,3234991.354,FALSE
H41-F12,3204688.117,FALSE
H41-F13,3580857.423,FALSE
H41-F13,3427145.6,FALSE
H41-F13,3292585.204,FALSE
H41-F13,3051023.951,FALSE
H41-F14,3597911.929,FALSE
H41-F14,3320474.939,FALSE
H41-F14,3244488.773,FALSE
H41-F14,3055983.715,FALSE
H41-F15,3200929.998,FALSE
H41-F15,3153316.948,FALSE
H41-F15,3260130.581,FALSE
H41-F15,3238882.232,FALSE
H41-F16,3366426.792,FALSE
H41-F16,3200882.341,FALSE
H41-F16,3259817.404,FALSE
H41-F17,3348255.743,FALSE
H41-F17,2960788.252,FALSE
H41-F17,2981308.125,FALSE
H41-F18,3242875.233,FALSE
H41-F18,2978601.871,FALSE
H41-F19,3486451.71,FALSE
H41-F19,3136470.092,FALSE
H41-F20,3578586.893,FALSE
H41-F20,3152445.5,FALSE
H41-F21,3438491.442,FALSE
H41-F21,3158872.428,FALSE
H41-F21,2992905.87,FALSE
H41-F22,3177019.648,FALSE
H41-F22,3405818.957,FALSE
H41-F23,3123708.147,FALSE
H41-F23,3170555.276,FALSE
H41-F24,3123844.31,FALSE
H41-F24,3176059.694,FALSE
H41-F25,3110057.733,FALSE
H41-F25,3333114.337,FALSE
H41-F26,3042466.061,FALSE
H41-F26,3252733.487,FALSE
H41-F27,3203207.337,FALSE
H41-F27,3015168.639,FALSE
H41-F28,3053243.42,FALSE
H41-F28,3091250.119,FALSE
H41-F29,3063779.088,FALSE
H41-F29,2986618.51,FALSE
H41-F30,3066053.022,FALSE
H41-F30,3167832.001,FALSE
H41-F31,3122074.182,FALSE
H41-F31,2962960.063,FALSE
H41-F32,2670357.838,FALSE
H41-F32,2949803.243,FALSE
H41-F33,3012258.139,FALSE
H41-F33,3253856.837,FALSE
H41-F34,3176311.597,FALSE
H41-F34,3323045.029,FALSE
H41-F35,3043276.235,FALSE
H41-F35,3041458.45,FALSE
H41-F36,3018191.473,FALSE
H41-F36,2884155.308,FALSE
H41-F37,3010464.182,FALSE
H41-F37,3076949.524,FALSE
H41-F38,2685924.756,FALSE
H41-F38,3079458.341,FALSE
H41-F39,3183671.246,FALSE
H41-F39,3097302.597,FALSE
H41-F40,3180205.88,FALSE
H41-F40,3003455.154,FALSE
H41-F41,3195500.47,FALSE
H41-F41,3021932.572,FALSE
H41-F42,3035759.998,FALSE
H41-F43,2908620.525,FALSE
H41-F44,3247263.109,FALSE
H41-F45,2836719.271,FALSE
H41-F46,3019890.116,FALSE
H41-F47,3104539.699,FALSE
H41-F48,3081790.144,FALSE
H41-F49,3157180.594,FALSE
H41-F50,3087580.507,FALSE
H41-FA02,2964648.493,FALSE
H41-FA03,2850407.13,FALSE
H41-FA04,3121563.568,FALSE
H41-FA05,2532672.485,FALSE
H41-M01,2862624.42,FALSE
H41-M01,2602585.749,FALSE
H41-M01,2638464.89,FALSE
H41-M01,2540587.002,FALSE
H41-M01,2510178.238,FALSE
H41-M01,2776739.151,FALSE
H41-M02,2757894.092,FALSE
H41-M02,2732506.366,FALSE
H41-M02,2677220.49,FALSE
H41-M02,2651808.935,FALSE
H41-M02,2623391.566,FALSE
H41-M02,2753570.894,FALSE
H41-M03,2740094.089,FALSE
H41-M03,2616140.848,FALSE
H41-M03,2615160.469,FALSE
H41-M03,2561297.504,FALSE
H41-M03,2664053.458,FALSE
H41-M03,2783149.058,FALSE
H41-M04,2880009.123,FALSE
H41-M04,2567795.918,FALSE
H41-M04,2658269.904,FALSE
H41-M04,2487673.779,FALSE
H41-M04,2666776.732,FALSE
H41-M04,2743910.077,FALSE
H41-M05,2788789.641,FALSE
H41-M05,2688300.813,FALSE
H41-M05,2629474.68,FALSE
H41-M05,2631636.279,FALSE
H41-M05,2603198.486,FALSE
H41-M05,2634597.84,FALSE
H41-M06,2731934.478,FALSE
H41-M06,2622448.632,FALSE
H41-M06,2657282.717,FALSE
H41-M06,2549056.385,FALSE
H41-M06,2681890.906,FALSE
H41-M06,2742024.21,FALSE
H41-M07,2689631.813,FALSE
H41-M07,2758714.478,FALSE
H41-M07,2680124.181,FALSE
H41-M07,2623633.257,FALSE
H41-M07,2672597.732,FALSE
H41-M07,2841488.406,FALSE
H41-M08,2636361.161,FALSE
H41-M08,2627697.744,FALSE
H41-M08,2661091.897,FALSE
H41-M08,2536137.852,FALSE
H41-M08,2665384.458,FALSE
H41-M08,2685056.712,FALSE
H41-M09,2854294.604,FALSE
H41-M09,2534347.299,FALSE
H41-M09,2512036.873,FALSE
H41-M09,2482499.557,FALSE
H41-M09,2586348.225,FALSE
H41-M09,2782396.754,FALSE
H41-M10,2707765.417,FALSE
H41-M10,2662119.933,FALSE
H41-M10,2577824.376,FALSE
H41-M10,2718787.871,FALSE
H41-M10,2618850.506,FALSE
H41-M10,2708926.213,FALSE
H41-M11,2738623.521,FALSE
H41-M11,2593701.066,FALSE
H41-M11,2614517.095,FALSE
H41-M11,2683432.96,FALSE
H41-M11,2691490.448,FALSE
H41-M12,2608280.797,FALSE
H41-M12,2635513.541,FALSE
H41-M12,2588428.126,FALSE
H41-M12,2589503.819,FALSE
H41-M12,2748771.122,FALSE
H41-M12,2653034.409,FALSE
H41-M13,2692259.773,FALSE
H41-M13,2744897.264,FALSE
H41-M13,2583686.224,FALSE
H41-M13,2523937.583,FALSE
H41-M14,2774199.698,FALSE
H41-M14,2798048.774,FALSE
H41-M14,2649061.832,FALSE
H41-M14,2762550.891,FALSE
H41-M15,2778812.244,FALSE
H41-M15,2661973.557,FALSE
H41-M15,2613220.136,FALSE
H41-M15,2736645.743,FALSE
H41-M16,2912872.238,FALSE
H41-M16,2868135.646,FALSE
H41-M16,2620382.348,FALSE
H41-M16,2724496.535,FALSE
H41-M17,2877408.396,FALSE
H41-M17,2726556.011,FALSE
H41-M17,2780425.784,FALSE
H41-M18,2678956.577,FALSE
H41-M18,2623027.328,FALSE
H41-M19,2807917.24,FALSE
H41-M19,2587910.704,FALSE
H41-M20,2721443.063,FALSE
H41-M20,2553202.571,FALSE
H41-M21,2659529.418,FALSE
H41-M21,2574757.288,FALSE
H41-M22,2549287.864,FALSE
H41-M22,2678575.319,FALSE
H41-M23,2594521.453,FALSE
H41-M23,2710434.226,FALSE
H41-M24,2589354.039,FALSE
H41-M24,2652622.513,FALSE
H41-M25,2559796.299,FALSE
H41-M25,2673969.581,FALSE
H41-M26,2592928.337,FALSE
H41-M26,2559040.59,FALSE
H41-M27,2723727.21,FALSE
H41-M27,2628017.729,FALSE
H41-M28,2653783.309,FALSE
H41-M28,2597751.937,FALSE
H41-M29,2743508.394,FALSE
H41-M30,2621978.867,FALSE
H41-M31,2486431.285,FALSE
H41-M32,2629842.322,FALSE
H41-M33,2652142.536,FALSE
H41-M34,2603164.445,FALSE
H41-M35,2570488.555,FALSE
H41-M36,2626094.416,FALSE
H41-M37,2662443.322,FALSE
H41-M38,2701100.203,FALSE
H41-M39,2731914.053,FALSE
H41-M40,2471422.639,FALSE
H41-M41,2629147.887,FALSE
H41-M42,2604229.926,FALSE
H41-M43,2691973.829,FALSE
H41-M44,2719172.533,FALSE
H41-M45,2614813.251,FALSE
H41-M46,2593990.414,FALSE
H41-MA01,2496776.324,FALSE
H41-MA02,2537349.709,FALSE
H41-MA03,2626935.227,FALSE
H41-MA04,2596254.136,FALSE
H45-F01,2953581.787,FALSE
H45-F02,3170545.063,FALSE
H45-F03,3263844.447,FALSE
H45-F04,3166916.3,FALSE
H45-F05,2962885.173,FALSE
H45-F06,3298113.452,FALSE
H45-F07,3127878.161,FALSE
H45-F08,3132728.993,FALSE
H45-F09,3188345.066,FALSE
H45-F10,2978026.579,FALSE
H45-F11,3198213.532,FALSE
H45-F12,3160414.482,FALSE
H45-F13,3143632.303,FALSE
H45-F14,3148541.006,FALSE
H45-F15,2990039.624,FALSE
H45-F16,3073283.316,FALSE
H45-F17,3048351.738,FALSE
H45-F18,3105040.1,FALSE
H45-F19,3337546.466,FALSE
H45-F20,3156166.174,FALSE
H45-F21,2960594.218,FALSE
H45-F22,3101367.084,FALSE
H45-F23,3247698.833,FALSE
H45-F24,3193543.116,FALSE
H45-F25,3240386.841,FALSE
H45-F26,3043089.01,FALSE
H45-F27,3113737.558,FALSE
H45-F28,2943410.357,FALSE
H45-F29,2960560.178,FALSE
H45-F30,3112287.414,FALSE
H45-F31,2946147.247,FALSE
H45-F32,3251940.333,FALSE
H45-F33,3209280.239,FALSE
H45-F34,2950303.645,FALSE
H45-F35,2890939.666,FALSE
H45-F36,3281474.245,FALSE
H45-F37,3280990.863,FALSE
H45-F38,2853722.716,FALSE
H45-F39,3140075.026,FALSE
H45-F40,2993961.139,FALSE
H45-F42,2555442.464,FALSE
H45-F43,2688225.923,FALSE
H45-F44,2809571.629,FALSE
H45-F45,3587144.783,FALSE
H45-F46,3286308.057,FALSE
H45-F47,3242793.535,FALSE
H45-F48,3104454.596,FALSE
H45-F49,3358849.28,FALSE
H45-F50,3186169.851,FALSE
H45-F51,3335936.33,FALSE
H45-F52,3128048.365,FALSE
H45-F53,3135751.828,FALSE
H45-M01,2636926.24,FALSE
H45-M02,2551429.038,FALSE
H45-M03,2644319.93,FALSE
H45-M04,2723785.079,FALSE
H45-M05,2657994.172,FALSE
H45-M06,2446031.508,FALSE
H45-M07,2779152.653,FALSE
H45-M08,2682976.811,FALSE
H45-M09,2592104.547,FALSE
H45-M10,3092206.669,FALSE
H45-M11,2805313.108,FALSE
H45-M12,2777178.279,FALSE
H45-M13,2712326.902,FALSE
H45-M14,2620600.21,FALSE
H45-M15,2559792.895,FALSE
H45-M16,2356091.965,FALSE
H45-M17,2618343.296,FALSE
H45-M18,2745343.201,FALSE
H45-M19,2679899.511,FALSE
H45-M20,2686643.02,FALSE
H45-M21,2788571.779,FALSE
H45-M22,2632201.359,FALSE
H45-M23,2667338.408,FALSE
H45-M24,2783411.174,FALSE
H45-M25,2647145.328,FALSE
H45-M26,2724602.062,FALSE
H45-M27,2717140.289,FALSE
H45-M28,2539565.774,FALSE
H45-M29,2602476.818,FALSE
H45-M30,2589428.929,FALSE
H45-M31,2667035.443,FALSE
H45-M32,2643693.577,FALSE
H45-M33,2899633.72,FALSE
H45-M34,2834819.787,FALSE
H45-M35,2626251.004,FALSE
H45-M36,2809942.675,FALSE
H45-M37,2632054.983,FALSE
H45-M38,2663927.506,FALSE
H45-M40,2766295.394,FALSE
H45-M41,2624065.576,FALSE
H45-M42,2541519.723,FALSE
H45-M43,2544413.202,FALSE
H45-M44,2603436.772,FALSE
H45-M45,2681856.865,FALSE
H45-M46,2639169.537,FALSE
H45-M47,2558945.276,FALSE
H45-M48,2690622.404,FALSE
H45-M49,2899623.507,FALSE
H45-M50,2619561.961,FALSE
H45-M52,2993072.671,FALSE
H45-M53,2840031.454,FALSE
H45-M54,2571829.768,FALSE
H46-F01,2988565.651,FALSE
H46-F01,3137007.938,FALSE
H46-F02,3381823.505,FALSE
H46-F03,3147792.105,FALSE
H46-F03,3414577.688,FALSE
H46-F04,3279843.684,FALSE
H46-F05,3307134.298,FALSE
H46-F05,3520012.663,FALSE
H46-F06,3319099.685,FALSE
H46-F07,3400164.758,FALSE
H46-F08,3357208.508,FALSE
H46-F09,3270305.415,FALSE
H46-F09,3352881.905,FALSE
H46-F10,3261127.98,FALSE
H46-F11,3286992.28,FALSE
H46-F12,3158559.252,FALSE
H46-F13,3241728.054,FALSE
H46-F14,3221926.444,FALSE
H46-F15,3208003.704,FALSE
H46-F16,3211217.168,FALSE
H46-F17,3395201.59,FALSE
H46-F18,3230926.866,FALSE
H46-F19,3179729.307,FALSE
H46-F20,3254905.298,FALSE
H46-F21,3208361.133,FALSE
H46-F22,2804931.85,FALSE
H46-F23,3050938.849,FALSE
H46-F24,3021374.3,FALSE
H46-F26,2963058.782,FALSE
H46-F27,3075741.071,FALSE
H46-F28,2466091.829,FALSE
H46-F29,3054560.804,FALSE
H46-F30,2816536.403,FALSE
H46-F31,3132739.206,FALSE
H46-F32,3126002.505,FALSE
H46-F33,2995962.746,FALSE
H46-F34,2784663.88,FALSE
H46-F35,3133065.999,FALSE
H46-F36,2776926.376,FALSE
H46-F37,2868503.288,FALSE
H46-F38,3089122.561,FALSE
H46-F39,3192930.379,FALSE
H46-F40,3200109.612,FALSE
H46-F41,3175099.74,FALSE
H46-F42,3246997.59,FALSE
H46-F43,3180805,FALSE
H46-F44,3164547.051,FALSE
H46-F45,3131769.039,FALSE
H46-F46,3532362.713,FALSE
H46-F47,3320328.563,FALSE
H46-F48,3298542.367,FALSE
H46-F49,3462337.114,FALSE
H46-F50,3105428.167,FALSE
H46-F51,3305725.004,FALSE
H46-F52,3249046.854,FALSE
H46-F53,3321094.484,FALSE
H46-F54,3571050.231,FALSE
H46-F55,3404290.519,FALSE
H46-M01,2799481.897,FALSE
H46-M02,2759766.343,FALSE
H46-M02,2706533.135,FALSE
H46-M03,2710219.768,FALSE
H46-M04,2605411.146,FALSE
H46-M04,3079352.814,FALSE
H46-M05,2646692.583,FALSE
H46-M06,2596771.558,FALSE
H46-M07,2709886.167,FALSE
H46-M08,2807290.887,FALSE
H46-M09,2599362.073,FALSE
H46-M10,2922842.826,FALSE
H46-M11,2827439.714,FALSE
H46-M12,2513347.449,FALSE
H46-M13,2834734.685,FALSE
H46-M14,2723230.212,FALSE
H46-M15,2722549.393,FALSE
H46-M16,2715213.573,FALSE
H46-M17,2685853.27,FALSE
H46-M18,2861531.706,FALSE
H46-M19,2620589.997,FALSE
H46-M20,2583546.656,FALSE
H46-M21,2627738.593,FALSE
H46-M22,2694356.694,FALSE
H46-M23,2682680.655,FALSE
H46-M24,2772160.646,FALSE
H46-M25,2616522.106,FALSE
H46-M26,2536808.458,FALSE
H46-M27,2799185.741,FALSE
H46-M28,2838295.366,FALSE
H46-M29,2815600.278,FALSE
H46-M30,2871257.2,FALSE
H46-M31,2700991.272,FALSE
H46-M32,2554468.893,FALSE
H46-M33,2491571.466,FALSE
H46-M34,2712177.122,FALSE
H46-M35,2565967.92,FALSE
H46-M36,2531521.902,FALSE
H46-M37,2643142.114,FALSE
H46-M38,2588775.343,FALSE
H46-M39,2554261.244,FALSE
H46-M40,2748073.283,FALSE
H46-M41,2608250.16,FALSE
H46-M42,2500228.074,FALSE
H46-M43,2483183.78,FALSE
H46-M44,2876073.991,FALSE
H46-M45,2603269.972,FALSE
H46-M46,2541155.485,FALSE
H46-M47,2577191.215,FALSE
H46-M48,2715942.049,FALSE
H46-M49,2455688.92,FALSE
H46-M50,2551874.974,FALSE
H46-M51,2720139.295,FALSE
H46-M52,2794505.113,FALSE
H46-M53,2734266.282,FALSE
H46-M54,2950620.226,FALSE
H46-M55,2648030.392,FALSE
H46-M56,2927012.84,FALSE
L04-F01,2773117.196,FALSE
L04-F01,2439645.43,FALSE
L04-F02,2668090.712,FALSE
L04-F02,3122295.448,FALSE
L04-F03,2644289.293,FALSE
L04-F03,3104635.013,FALSE
L04-F04,2577068.667,FALSE
L04-F04,3237878.025,FALSE
L04-F05,2603967.811,FALSE
L04-F05,2910217.045,FALSE
L04-F06,2363322.259,FALSE
L04-F06,3059908.634,FALSE
L04-F07,2592305.388,FALSE
L04-F07,2998811.972,FALSE
L04-F08,2912548.849,FALSE
L04-F08,3088176.223,FALSE
L04-F09,2577347.803,FALSE
L04-F09,3057750.439,FALSE
L04-F10,2674418.921,FALSE
L04-F10,2927271.551,FALSE
L04-F11,2934978.418,FALSE
L04-F12,3189005.46,FALSE
L04-F13,3044001.307,FALSE
L04-F14,2824651.761,FALSE
L04-F15,2845903.514,FALSE
L04-F16,3203254.994,FALSE
L04-F17,3189447.992,FALSE
L04-F18,2981716.616,FALSE
L04-F19,3172172.22,FALSE
L04-F20,3174139.786,FALSE
L04-F21,3153783.309,FALSE
L04-F22,3096158.821,FALSE
L04-F23,3247729.47,FALSE
L04-F24,3207384.159,FALSE
L04-F25,3104195.885,FALSE
L04-F26,3152714.424,FALSE
L04-F27,3201202.326,FALSE
L04-F28,3234051.824,FALSE
L04-F29,3186040.495,FALSE
L04-F30,3262955.978,FALSE
L04-F31,3335514.222,FALSE
L04-F32,2983142.931,FALSE
L04-F33,3043289.852,FALSE
L04-F34,3086967.77,FALSE
L04-F35,3233217.821,FALSE
L04-F36,3149854.986,FALSE
L04-F37,2745945.725,FALSE
L04-F38,2865514.495,FALSE
L04-F39,3149671.165,FALSE
L04-F40,3151856.592,FALSE
L04-F41,3220064.405,FALSE
L04-F42,3121069.975,FALSE
L04-F43,3037972.658,FALSE
L04-F44,3041887.365,FALSE
L04-F45,3107572.745,FALSE
L04-F46,3160846.802,FALSE
L04-F47,3226698.983,FALSE
L04-F48,3107698.697,FALSE
L04-F49,3086542.258,FALSE
L04-F50,3076520.608,FALSE
L04-F52,3140640.106,FALSE
L04-F53,3035368.527,FALSE
L04-F54,3187398.728,FALSE
L04-F55,3268793.998,FALSE
L04-M01,2221449.871,FALSE
L04-M01,2567155.948,FALSE
L04-M02,2363172.479,FALSE
L04-M02,2595729.906,FALSE
L04-M03,2378409.199,FALSE
L04-M03,2715056.985,FALSE
L04-M04,2457237.783,FALSE
L04-M04,2398860.99,FALSE
L04-M05,2177291.976,FALSE
L04-M05,2620767.01,FALSE
L04-M06,2239539.222,FALSE
L04-M06,2640769.461,FALSE
L04-M07,2470146.104,FALSE
L04-M07,2916855.026,FALSE
L04-M08,2127227.979,FALSE
L04-M08,2754163.206,FALSE
L04-M09,2194526.899,FALSE
L04-M09,2682769.162,FALSE
L04-M10,2306010.948,FALSE
L04-M10,2810235.427,FALSE
L04-M11,2753427.922,FALSE
L04-M12,2595086.532,FALSE
L04-M13,2679177.843,FALSE
L04-M14,2713194.946,FALSE
L04-M15,2867771.408,FALSE
L04-M16,2757080.514,FALSE
L04-M17,2705872.741,FALSE
L04-M18,2561801.31,FALSE
L04-M19,2723465.094,FALSE
L04-M20,2676549.884,FALSE
L04-M21,2686632.807,FALSE
L04-M22,2814303.318,FALSE
L04-M23,2693114.201,FALSE
L04-M24,2786699.528,FALSE
L04-M25,2696974.442,FALSE
L04-M26,2592036.465,FALSE
L04-M27,2749360.031,FALSE
L04-M28,2854583.952,FALSE
L04-M29,2894629.703,FALSE
L04-M30,2886691.358,FALSE
L04-M31,2585789.954,FALSE
L04-M32,2740584.279,FALSE
L04-M33,2733268.883,FALSE
L04-M34,2857933.579,FALSE
L04-M35,2802208.576,FALSE
L04-M36,2680335.235,FALSE
L04-M37,2808502.744,FALSE
L04-M38,2919118.748,FALSE
L04-M39,2740179.191,FALSE
L04-M40,2537019.512,FALSE
L04-M41,2722556.202,FALSE
L04-M42,2781692.107,FALSE
L04-M43,2673894.691,FALSE
L04-M44,2917467.763,FALSE
L04-M45,2484313.939,FALSE
L04-M46,2641324.328,FALSE
L04-M47,2766397.516,FALSE
L04-M48,2473390.204,FALSE
L04-M49,2881888.182,FALSE
L04-M50,2770247.546,FALSE
L04-M52,2693083.564,FALSE
L04-M54,2898309.527,FALSE
L09-F01,2256447.352,FALSE
L09-F01,2924221.484,FALSE
L09-F02,3139373.783,FALSE
L09-F02,3190690.486,FALSE
L09-F03,3205889.762,FALSE
L09-F03,3013235.114,FALSE
L09-F05,3324270.503,FALSE
L09-F05,3283833.281,FALSE
L09-F08,3101986.629,FALSE
L09-F08,2980630.71,FALSE
L09-F09,2886013.943,FALSE
L09-F09,2918431.122,FALSE
L09-F11,2920786.754,FALSE
L09-F12,3035753.19,FALSE
L09-F13,2989617.516,FALSE
L09-F14,3045025.939,FALSE
L09-F15,2930243.325,FALSE
L09-F16,3030078.566,FALSE
L09-F17,2829036.233,FALSE
L09-F18,2923850.438,FALSE
L09-F19,2895085.851,FALSE
L09-F20,2581868.439,FALSE
L09-F21,2879038.956,FALSE
L09-F22,2932588.745,FALSE
L09-F23,2940833.458,FALSE
L09-F24,2871121.036,FALSE
L09-F25,2981318.337,FALSE
L09-F26,3184478.016,FALSE
L09-F27,3089803.38,FALSE
L09-F28,3031596.792,FALSE
L09-F29,2850669.245,FALSE
L09-F30,2773066.135,FALSE
L09-F31,2994199.425,FALSE
L09-F32,2889278.468,FALSE
L09-F33,3107988.045,FALSE
L09-F34,3002120.75,FALSE
L09-F35,2909543.035,FALSE
L09-F36,2843374.273,FALSE
L09-F37,2962537.956,FALSE
L09-F38,3094504.432,FALSE
L09-F39,2989008.183,FALSE
L09-F40,3031685.298,FALSE
L09-F41,3081007.203,FALSE
L09-F42,3195272.396,FALSE
L09-F43,2951457.633,FALSE
L09-F44,2935264.362,FALSE
L09-F45,2933116.379,FALSE
L09-F46,2958194.333,FALSE
L09-F47,3099726.311,FALSE
L09-F48,2936775.779,FALSE
L09-F49,2350305.007,FALSE
L09-F50,3242950.123,FALSE
L09-F51,3034163.478,FALSE
L09-F52,3144653.531,FALSE
L09-F53,3050550.782,FALSE
L09-F54,3248154.982,FALSE
L09-F55,3268072.33,FALSE
L09-F56,2987483.15,FALSE
L09-F57,3447835.678,FALSE
L09-F58,3043902.588,FALSE
L09-F59,3181530.072,FALSE
L09-F60,3366099.999,FALSE
L09-F61,3026480.44,FALSE
L09-F62,3174841.029,FALSE
L09-F63,3139915.034,FALSE
L09-F64,3019348.865,FALSE
L09-M01,2675923.53,FALSE
L09-M01,2711057.175,FALSE
L09-M02,2699200.719,FALSE
L09-M02,2766564.317,FALSE
L09-M03,2423496.412,FALSE
L09-M03,2584271.728,FALSE
L09-M04,2676811.999,FALSE
L09-M04,2698741.166,FALSE
L09-M05,2591147.996,FALSE
L09-M05,2679936.956,FALSE
L09-M06,2753158.998,FALSE
L09-M06,2681809.207,FALSE
L09-M07,2718961.479,FALSE
L09-M07,2954351.112,FALSE
L09-M08,2649494.152,FALSE
L09-M08,2635819.91,FALSE
L09-M09,2716867.962,FALSE
L09-M09,2732567.639,FALSE
L09-M10,2458422.407,FALSE
L09-M10,2684631.201,FALSE
L09-M11,2704960.444,FALSE
L09-M12,2739852.399,FALSE
L09-M13,2733524.189,FALSE
L09-M14,2659604.308,FALSE
L09-M15,2595195.463,FALSE
L09-M16,2756672.022,FALSE
L09-M17,2550326.112,FALSE
L09-M18,2763378.086,FALSE
L09-M19,2744117.727,FALSE
L09-M20,2681482.414,FALSE
L09-M21,2693212.919,FALSE
L09-M22,2594729.102,FALSE
L09-M23,2631231.192,FALSE
L09-M24,2716146.294,FALSE
L09-M25,2678554.894,FALSE
L09-M26,2620712.545,FALSE
L09-M27,2546792.663,FALSE
L09-M28,2676883.485,FALSE
L09-M29,2641392.41,FALSE
L09-M30,2852204.491,FALSE
L09-M31,2752280.742,FALSE
L09-M32,2833124.549,FALSE
L09-M33,2638737.218,FALSE
L09-M34,2707819.883,FALSE
L09-M35,2870664.887,FALSE
L09-M36,2642045.996,FALSE
L09-M37,2495921.896,FALSE
L09-M38,2693223.131,FALSE
L09-M39,2758459.171,FALSE
L09-M41,2671654.798,FALSE
L09-M43,2678371.073,FALSE
L09-M44,2852412.14,FALSE
L09-M442,2750149.78,FALSE
L09-M45,2616593.592,FALSE
L09-M46,2731195.79,FALSE
L09-M47,2492296.537,FALSE
L09-M48,2602030.882,FALSE
L09-M49,2567179.777,FALSE
L09-M52,2479640.119,FALSE
L09-M53,2473414.033,FALSE
L09-M54,2452475.456,FALSE
L09-M55,2414349.614,FALSE
L29-F01,2944077.559,FALSE
L29-F01,2784663.88,FALSE
L29-F02,3238923.081,FALSE
L29-F02,3095123.977,FALSE
L29-F03,3091767.541,FALSE
L29-F03,2985004.97,FALSE
L29-F04,3031879.332,FALSE
L29-F05,2916361.433,FALSE
L29-F06,2849753.544,FALSE
L29-F06,2726290.492,FALSE
L29-F07,2978666.549,FALSE
L29-F07,2999594.913,FALSE
L29-F08,3092087.526,FALSE
L29-F09,2971705.178,FALSE
L29-F10,3087158.399,FALSE
L29-F10,3134934.846,FALSE
L29-F11,2848425.947,FALSE
L29-F11,2973039.583,FALSE
L29-F12,2963943.846,FALSE
L29-F12,2816468.322,FALSE
L29-F13,2952914.584,FALSE
L29-F13,2934110.374,FALSE
L29-F14,3028311.842,FALSE
L29-F14,2796700.753,FALSE
L29-F15,3177853.651,FALSE
L29-F15,3029976.444,FALSE
L29-F16,2903255.675,FALSE
L29-F16,2869521.112,FALSE
L29-F17,2909662.178,FALSE
L29-F17,2786890.157,FALSE
L29-F18,3103075.939,FALSE
L29-F18,3080111.927,FALSE
L29-F19,2905046.228,FALSE
L29-F20,2884795.278,FALSE
L29-F20,2751970.97,FALSE
L29-F22,3044614.044,FALSE
L29-F22,3029884.533,FALSE
L29-F23,3025336.665,FALSE
L29-F23,2978533.789,FALSE
L29-F24,2984426.274,FALSE
L29-F24,2847016.653,FALSE
L29-F25,2984810.937,FALSE
L29-F25,2942961.016,FALSE
L29-F26,3039055.16,FALSE
L29-F26,2953520.513,FALSE
L29-F27,3055844.147,FALSE
L29-F27,2991724.65,FALSE
L29-F28,2972035.375,FALSE
L29-F28,2979395.025,FALSE
L29-F29,2929453.575,FALSE
L29-F29,2907538.024,FALSE
L29-F30,2972031.971,FALSE
L29-F30,2969901.009,FALSE
L29-F31,2709899.783,FALSE
L29-F32,2854730.328,FALSE
L29-F32,2810708.596,FALSE
L29-F33,3060558.816,FALSE
L29-F33,3112164.867,FALSE
L29-F33,3014331.232,FALSE
L29-F34,2891674.95,FALSE
L29-F34,2836743.1,FALSE
L29-F35,2918029.439,FALSE
L29-F36,2963562.588,FALSE
L29-F37,2931281.573,FALSE
L29-F38,2914465.353,FALSE
L29-F39,2875008.51,FALSE
L29-F40,2963239.199,FALSE
L29-F41,2741397.857,FALSE
L29-F42,3037942.021,FALSE
L29-F43,2974540.788,FALSE
L29-F44,3118898.163,FALSE
L29-F45,3052926.839,FALSE
L29-F46,3212796.667,FALSE
L29-F48,3021517.272,FALSE
L29-F49,2891184.761,FALSE
L29-F50,3085398.483,FALSE
L29-F51,2869708.337,FALSE
L29-F52,3086208.657,FALSE
L29-F53,2983588.867,FALSE
L29-M01,2432925.75,FALSE
L29-M02,2418138.37,FALSE
L29-M03,2491156.166,FALSE
L29-M04,2559629.499,FALSE
L29-M05,2746694.626,FALSE
L29-M06,2584601.925,FALSE
L29-M07,2701566.564,FALSE
L29-M08,2556783.677,FALSE
L29-M09,2227012.159,FALSE
L29-M13,2691609.591,FALSE
L29-M14,2589551.477,FALSE
L29-M15,2794787.653,FALSE
L29-M19,2487003.173,FALSE
L29-M19,2321485.955,FALSE
L29-M20,2312751.052,FALSE
L29-M20,2290842.309,FALSE
L29-M21,2462034.15,FALSE
L29-M21,2441824.049,FALSE
L29-M22,2412307.158,FALSE
L29-M22,2317312.537,FALSE
L29-M23,2197760.788,FALSE
L29-M24,2396733.432,FALSE
L29-M24,2396382.811,FALSE
L29-M25,2446698.711,FALSE
L29-M25,2405669.177,FALSE
L29-M26,2451038.929,FALSE
L29-M26,2446123.419,FALSE
L29-M27,2310463.501,FALSE
L29-M27,2272695.089,FALSE
L29-M28,2629447.448,FALSE
L29-M28,2594695.061,FALSE
L29-M29,2633168.121,FALSE
L29-M29,2558077.232,FALSE
L29-M30,2564994.349,FALSE
L29-M30,2551095.437,FALSE
L29-M31,2405175.583,FALSE
L29-M31,2392965.101,FALSE
L29-M32,2360878.12,FALSE
L29-M32,2370048.747,FALSE
L29-M33,2805370.978,FALSE
L29-M34,2691303.223,FALSE
L29-M35,2699129.233,FALSE
L29-M36,2452860.119,FALSE
L29-M37,2554216.991,FALSE
L29-M38,2224084.639,FALSE
L29-M39,2564075.244,FALSE
L29-M40,2520302.011,FALSE
L29-M41,2545785.052,FALSE
L29-M42,2740546.834,FALSE
L29-M43,2740962.133,FALSE
L29-M44,2764457.183,FALSE
L29-M45,2626969.268,FALSE
L29-M46,2561174.957,FALSE
L29-M47,2529023.298,FALSE
L29-M48,2417719.666,FALSE
L29-M49,2671229.286,FALSE
L29-M50,2566584.061,FALSE
L29-M51,2633552.784,FALSE
L29-M52,2553937.855,FALSE
L30-F01,3050251.222,FALSE
L30-F01,3342056.889,FALSE
L30-F02,3023723.125,FALSE
L30-F02,2985127.517,FALSE
L30-F03,2730858.785,FALSE
L30-F03,3152050.626,FALSE
L30-F04,3104692.883,FALSE
L30-F04,3250122.547,FALSE
L30-F05,3016421.345,FALSE
L30-F05,3135156.112,FALSE
L30-F06,3016033.278,FALSE
L30-F06,3211720.973,FALSE
L30-F07,3108668.863,FALSE
L30-F07,2880662.709,FALSE
L30-F09,3086273.335,FALSE
L30-F11,2731175.365,FALSE
L30-F12,3110391.335,FALSE
L30-F13,3014467.396,FALSE
L30-F14,2934774.172,FALSE
L30-F15,3042540.951,FALSE
L30-F16,3123864.735,FALSE
L30-F17,3017248.54,FALSE
L30-F18,3002352.228,FALSE
L30-F19,3068003.567,FALSE
L30-F20,3173367.057,FALSE
L30-F21,2732210.21,FALSE
L30-F22,3022143.625,FALSE
L30-F23,3009759.535,FALSE
L30-F24,3040086.6,FALSE
L30-F25,2732676.57,FALSE
L30-F26,3020506.257,FALSE
L30-F27,3049648.698,FALSE
L30-F29,2887290.478,FALSE
L30-F30,2565617.298,FALSE
L30-F31,3072401.656,FALSE
L30-F31,3061501.75,FALSE
L30-F32,2774666.058,FALSE
L30-F32,2846335.834,FALSE
L30-F33,3280500.674,FALSE
L30-F33,3131105.241,FALSE
L30-F34,2879838.918,FALSE
L30-F34,2975653.926,FALSE
L30-F35,3145736.033,FALSE
L30-F35,2826963.14,FALSE
L30-F36,3196167.672,FALSE
L30-F37,3106371.101,FALSE
L30-F37,2919128.961,FALSE
L30-F38,3017745.537,FALSE
L30-F38,2988320.557,FALSE
L30-F39,3329975.763,FALSE
L30-F39,3144595.662,FALSE
L30-F40,3205607.222,FALSE
L30-F40,3156996.773,FALSE
L30-F41,2685298.403,FALSE
L30-F41,2648142.727,FALSE
L30-F42,3253935.132,FALSE
L30-F42,3183368.282,FALSE
L30-F43,3147526.586,FALSE
L30-F43,3091079.914,FALSE
L30-F45,3222797.892,FALSE
L30-F45,2999285.14,FALSE
L30-F46,3227172.152,FALSE
L30-F46,3059772.47,FALSE
L30-F47,3366862.515,FALSE
L30-F47,3300006.127,FALSE
L30-F48,3139081.031,FALSE
L30-F48,3139595.049,FALSE
L30-F49,3227216.405,FALSE
L30-F49,3299257.227,FALSE
L30-F50,3137089.637,FALSE
L30-F50,3145994.744,FALSE
L30-F51,2782798.437,FALSE
L30-FA01,2776953.609,FALSE
L30-FA02,2914832.995,FALSE
L30-FA03,3175440.149,FALSE
L30-FA04,2949541.128,FALSE
L30-FA05,3019263.763,FALSE
L30-FA06,3049097.235,FALSE
L30-FA07,3184287.387,FALSE
L30-FA08,2651165.561,FALSE
L30-FA09,2957411.391,FALSE
L30-FA10,2998999.197,FALSE
L30-FA11,3174636.783,FALSE
L30-FA12,2914084.095,FALSE
L30-FA13,2944373.715,FALSE
L30-FA14,3210178.919,FALSE
L30-FA15,3041843.112,FALSE
L30-FA16,2877214.363,FALSE
L30-FA17,2962643.483,FALSE
L30-FA18,2984330.96,FALSE
L30-FA19,3115759.589,FALSE
L30-FA20,2872469.057,FALSE
L30-M01,2955474.462,FALSE
L30-M01,2551286.066,FALSE
L30-M02,2716190.548,FALSE
L30-M02,2736281.505,FALSE
L30-M03,2531212.129,FALSE
L30-M03,2825169.183,FALSE
L30-M04,2692402.745,FALSE
L30-M04,2737677.183,FALSE
L30-M05,2693536.308,FALSE
L30-M05,2769481.625,FALSE
L30-M06,2454545.145,FALSE
L30-M06,2766867.281,FALSE
L30-M09,2710924.416,FALSE
L30-M10,2611215.125,FALSE
L30-M11,3089905.502,FALSE
L30-M12,2685097.561,FALSE
L30-M13,2613546.929,FALSE
L30-M14,2876890.974,FALSE
L30-M15,2661925.9,FALSE
L30-M16,2792615.841,FALSE
L30-M17,2879004.916,FALSE
L30-M18,2698012.69,FALSE
L30-M19,2848517.858,FALSE
L30-M20,2790178.511,FALSE
L30-M21,2884151.904,FALSE
L30-M22,2708898.98,FALSE
L30-M23,2653664.166,FALSE
L30-M24,2763922.741,FALSE
L30-M25,2850019.063,FALSE
L30-M26,2846410.724,FALSE
L30-M27,2694353.29,FALSE
L30-M28,3016703.885,FALSE
L30-M30,2781198.513,FALSE
L30-M31,2464236.598,FALSE
L30-M32,2707217.358,FALSE
L30-M33,2636881.987,FALSE
L30-M34,2710212.96,FALSE
L30-M35,2875723.37,FALSE
L30-M36,2854903.936,FALSE
L30-M37,2771176.863,FALSE
L30-M38,2945500.47,FALSE
L30-M39,2913188.818,FALSE
L30-M40,2765750.739,FALSE
L30-M41,2585500.606,FALSE
L30-M42,2629100.23,FALSE
L30-M43,2806187.96,FALSE
L30-M44,2736907.858,FALSE
L30-M45,2728064.024,FALSE
L30-M46,2768562.52,FALSE
L30-M47,2818507.373,FALSE
L30-M48,2755021.037,FALSE
L30-M49,2708984.082,FALSE
L30-M50,2889009.545,FALSE
L30-MA01,2643714.002,FALSE
L30-MA02,2641208.589,FALSE
L30-MA03,2612491.66,FALSE
L30-MA04,2650185.183,FALSE
L30-MA05B,2619578.982,FALSE
L30-MA07B,2555629.689,FALSE
L30-MA08,2610684.087,FALSE
L30-MA09,2443284.405,FALSE
L30-MA10,2534779.619,FALSE
L30-MA11,2596264.348,FALSE
L30-MA12,2713031.549,FALSE
L30-MA13,2689672.662,FALSE
L30-MA15,2632586.021,FALSE
L30-MA16,2662967.552,FALSE
L30-MA17,2573222.042,FALSE
L30-MA18,2522242.344,FALSE
L30-MA19,2501647.581,FALSE
L41-F01,3416099.318,FALSE
L41-F02,3294413.202,FALSE
L41-F03,3260144.197,FALSE
L41-F04,3373408.586,FALSE
L41-F05,3226590.052,FALSE
L41-F06,3415598.916,FALSE
L41-F07,3215856.946,FALSE
L41-F08,3307951.281,FALSE
L41-F09,3162810.964,FALSE
L41-F10,3140412.031,FALSE
L41-F11,3301156.711,FALSE
L41-F12,3358828.856,FALSE
L41-F13,3066379.815,FALSE
L41-F14,3635380.782,FALSE
L41-F15,3246044.444,FALSE
L41-F16,3256488.201,FALSE
L41-F17,3363584.374,FALSE
L41-F18,3124324.288,FALSE
L41-F19,3374906.387,FALSE
L41-F20,3106292.806,FALSE
L41-F21,3452073.774,FALSE
L41-F22,3305544.587,FALSE
L41-F23,3065511.771,FALSE
L41-F24,3321577.865,FALSE
L41-F26,3452846.503,FALSE
L41-F27,3271374.3,FALSE
L41-F28,3162320.774,FALSE
L41-F29,3194962.623,FALSE
L41-F30,3300826.514,FALSE
L41-F31,3301190.752,FALSE
L41-F32,3121223.159,FALSE
L41-F33,3077960.54,FALSE
L41-F34,3294488.092,FALSE
L41-F35,3183933.361,FALSE
L41-F36,3261883.689,FALSE
L41-F38,3319674.977,FALSE
L41-F39,3121791.642,FALSE
L41-F40,3301796.68,FALSE
L41-F41,3139761.85,FALSE
L41-F42,3147019.376,FALSE
L41-F43,3137644.504,FALSE
L41-F44,3086593.32,FALSE
L41-F45,3282662.273,FALSE
L41-F46,3128565.788,FALSE
L41-F47,2939618.197,FALSE
L41-F48,3040273.825,FALSE
L41-F49,3273409.948,FALSE
L41-F50,3112181.888,FALSE
L41-F51,3162681.608,FALSE
L41-F52,3193781.403,FALSE
L41-F53,3007781.757,FALSE
L41-F54,3088734.494,FALSE
L41-F55,3091508.83,FALSE
L41-M01,2728629.104,FALSE
L41-M02,2400100.08,FALSE
L41-M03,2870133.849,FALSE
L41-M04,3024094.171,FALSE
L41-M06,2972685.557,FALSE
L41-M07,3191255.566,FALSE
L41-M08,2716428.834,FALSE
L41-M09,2770506.257,FALSE
L41-M10,2741401.261,FALSE
L41-M11,2649463.515,FALSE
L41-M12,2792357.13,FALSE
L41-M13,2725051.402,FALSE
L41-M14,2548498.114,FALSE
L41-M15,2819327.76,FALSE
L41-M16,2813006.359,FALSE
L41-M17,2574791.329,FALSE
L41-M18,3114973.244,FALSE
L41-M19,2621512.507,FALSE
L41-M20,2817846.979,FALSE
L41-M21,2739685.598,FALSE
L41-M22,2850996.038,FALSE
L41-M23,2626843.316,FALSE
L41-M24,2701532.523,FALSE
L41-M25,2954769.815,FALSE
L41-M26,2887923.639,FALSE
L41-M27,2667828.597,FALSE
L41-M28,2727481.924,FALSE
L41-M29,3073950.518,FALSE
L41-M30,2696388.938,FALSE
L41-M31,2881282.254,FALSE
L41-M32,2665758.909,FALSE
L41-M33,2652295.72,FALSE
L41-M34,2653054.833,FALSE
L41-M35,2731335.358,FALSE
L41-M36,3044872.755,FALSE
L41-M37,2818609.496,FALSE
L41-M38,2563486.336,FALSE
L41-M39,2797677.728,FALSE
L41-M40,2689693.087,FALSE
L41-M41,3256328.209,FALSE
L41-M42,2574243.27,FALSE
L41-M43,2793221.77,FALSE
L41-M44,2764937.16,FALSE
L41-M45,2827613.322,FALSE
L41-M46,2984096.077,FALSE
L41-M47,2855751.556,FALSE
L41-M48,2734797.32,FALSE
L41-M49,2810664.343,FALSE
L41-M50,2621638.458,FALSE
L41-M51,2901645.539,FALSE
L41-M52,2687916.15,FALSE
L41-M53,2699296.034,FALSE
L41-M54,2607262.973,FALSE
L41-M55,2683596.356,FALSE
C48-F01,3012826.623,
C48-F02,2900307.73,
C48-F03,2487833.771,
C48-F04,3063979.929,
C48-F05,2509129.778,
C48-F06,3156680.192,
C48-F07,2995829.986,
C48-F08,3025939.189,
C48-F09,2450531.719,
C48-F10,2557130.894,
C48-F11,3040154.682,
C48-F12,3134509.334,
C48-F13,3057073.025,
C48-F14,2990417.478,
C48-F15,3034640.051,
C48-F16,3068585.667,
C48-F17,3023341.866,
C48-F18,2448485.859,
C48-F19,2997977.969,
C48-F20,2599249.738,
C48-F21,2504387.876,
C48-F22,3066025.789,
C48-F23,3056667.938,
C48-F24,2981379.611,
C48-F25,3060943.478,
C48-F26,2777978.241,
C48-F27,3198557.345,
C48-F28,2673622.364,
C48-F29,2757458.368,
C48-F30,3059629.499,
C29-FB01,3025105.186,
C29-FB02,2955750.194,
C29-FB03,2921334.813,
C29-FB04,3132249.016,
C29-FB05,2999850.22,
C29-FB06,2670225.079,
C29-FB07,3038326.684,
C29-FB08,3197702.918,
C29-FB09,3041798.859,
C29-FB10,2996371.237,
C29-FB11,3063224.221,
C29-FB12,3042166.501,
C29-FB13,2916569.083,
C29-FB14,3034258.793,
C29-FB15,2877350.526,
C29-FB16,2876349.723,
C29-FB17,3037696.927,
C29-FB18,3145235.631,
C29-FB19,2967501.123,
C29-FB20,3089633.175,
C29-FB21,2833308.37,
C29-FB22,3121747.389,
C29-FB23,2982754.864,
C29-FB24,3240523.005,
C29-FB25,2906047.031,
C29-FB26,2941153.443,
C29-FB27,2966013.535,
C29-FB28,3231910.649,
C29-FB29,2885922.033,
C29-FB30,3162848.409,
C29-FB31,3027385.929,
C29-FB32,3058101.061,
C29-FB33,2877793.058,
C29-FB34,3003788.756,
C29-FB35,2774472.025,
C29-FB36,3131282.254,
C29-MB01,2524489.046,
C29-MB02,2618411.378,
C29-MB03,2475058.21,
C29-MB04,2747909.887,
C29-MB05,2546959.464,
C29-MB06,2885864.163,
C29-MB07,2849263.354,
C29-MB08,2747634.155,
C29-MB09,2740451.519,
C29-MB10,2635673.534,
C29-MB11,2669741.697,
C29-MB12,2463749.813,
C29-MB13,2531933.797,
C29-MB14,2556896.012,
C29-MB15,2793334.105,
C29-MB16,2675566.101,
C29-MB17,2569933.688,
C29-MB18,2647366.594,
C29-MB19,2906424.885,
C29-MB20,2665595.512,
C29-MB21,2347915.333,
C29-MB22,2841648.398,
C29-MB23,2518943.778,
C29-MB24,2613989.461,
C29-MB25,2358638.227,
C29-MB26,2934239.73,
C29-MB27,2784864.721,
C29-MB28,2650940.891,
C29-MB29,2593496.821,
C29-MB30,2493852.208,
C29-MB31,2559581.841,
C29-MB32,2538469.656,
C29-MB33,2501201.645,
C29-MB34,2476276.875,
C29-MB35,2483868.003,
C08-MC01,2393775.275,
C08-MC02,2491704.225,
C08-MC03,2405430.89,
C08-MC04,2394561.621,
C08-MC05,2489607.304,
C08-MC06,2272290.001,
C08-MC06A,2445905.557,
C08-MC07,2440329.652,
C08-MC08,2358604.186,
C08-MC09,2311981.727,
C08-MC10,2183701.883,
C08-MC11,2506392.887,
C08-MC12,2473260.849,
C08-MC13,2518354.87,
C08-MC14,2388308.302,
C08-MC15,2488783.513,
C08-MC16,2348361.27,
C08-MC17,2462401.792,
C08-MC18,2431816.016,
C08-MC19,2348017.456,
C08-MC20,2440945.793,
C08-MC21,2400467.722,
C08-MC22,2443318.446,
C08-MC23,2392434.063,
C08-MC24,2350413.938,
C08-MC25,2397043.205,
C08-MC26,2280691.303,
C08-MC27,2508731.499,
C08-MC28,2361858.499,
C08-MC29,2435240.533,
C08-MC30,2409706.431,
C08-MC31,2518804.21,
C08-MC32,2341770.945,
C08-MC33,2465383.777,
C08-MC34,2278635.231,
C08-M01,2477066.625,
C08-M02,2611375.117,
C08-M03,2458960.254,
C08-M04,2531576.367,
C08-M05,2569385.629,
C08-M06,2480838.36,
C08-M07,2403711.823,
C08-M08,2440680.274,
C08-M09,2453612.424,
C08-M10,2288170.096,
C08-M11,2548593.429,
C08-M12,2687449.79,
C08-M13,2629205.757,
C08-M14,2439475.225,
C08-M15,2561549.407,
C08-M16,2453803.053,
C08-M17,2533891.151,
C08-M18,2537131.847,
C08-M19,2433041.489,
C08-M20,2537666.29,
C08-M21,2446160.864,
C08-M22,2514392.506,
C08-M23,2488511.186,
C08-M24,2541880.557,
C08-M25,2567435.084,
C08-M26,2419166.406,
C08-M27,2662497.787,
C08-M28,2480358.383,
C08-M29,2643826.337,
C08-M30,2464345.529,
C08-M31,2561120.491,
C08-M32,2430845.849,
C08-M33,2535191.514,
C08-M34,2437160.442,
C08-F01,3211220.572,
C08-F02,3031317.656,
C08-F03,2735250.065,
C08-F04,2997092.905,
C08-F05,2791989.488,
C08-F06,2767936.166,
C08-F07,2713494.506,
C08-F08,2779646.247,
C08-F09,2941061.532,
C08-F10,2830268.515,
C08-F11,2761774.758,
C08-F12,2732754.864,
C08-F13,3031923.585,
C08-F14,2870341.499,
C08-F15,2888584.033,
C08-F16,2934328.236,
C08-F17,2880005.719,
C08-F18,3012186.653,
C08-F19,2780681.091,
C08-F20,2780626.625,
C08-F21,2818463.12,
C08-F22,2803355.755,
C08-F23,2770673.057,
C08-F24,2767251.944,
C06-F56,2915918.901,
C06-F57,3053675.74,
C06-F58,3087294.563,
C06-F59,3122087.798,
C06-F60,3053454.474,
C06-F61,2962503.915,
C06-F62,3023433.777,
C06-F63,3017878.297,
C06-F64,3096805.599,
C08-F02,2651485.546,
C08-F03,2884393.595,
C08-F05,2760103.348,
C08-F06,2851561.117,
C08-F07,2664880.652,
C08-F08,3029115.208,
C08-F09,2795567.19,
C08-F10,2868898.163,
C08-F11,2801333.724,
C08-F12,2840947.155,
C08-F13,2957670.103,
C08-F14,2685557.114,
C08-F15,3040284.038,
C08-F16,2588676.625,
C08-F17,3030973.843,
C08-F19,2883004.725,
C08-F20,2741346.795,
C08-F21,2700358.111,
C08-F22,2883253.224,
C08-F23,2720098.446,
C08-F24,2654651.353,
C08-F25,2819052.028,
C08-F26,3156115.113,
C08-F28,3108791.411,
C08-F29,2764433.355,
C08-F01,2556562.411,
C08-F02,2680954.78,
C08-F03,2554070.615,
C08-F04,2434886.508,
C08-F06,2473999.537,
C08-F07,2851482.823,
C08-F08,2799049.577,
C08-F10,2477025.776,
C08-F12,2381387.781,
C08-F13,2280350.894,
C08-F14,2868435.206,
C08-F16,2609887.529,
C08-F17,2513728.707,
C08-F18,2532182.296,
C08-F19,2403105.895,
C08-M02,2253438.134,
C08-M03,2313979.929,
C08-M04,2252158.195,
C08-M05,2521796.408,
C08-M06,2477468.308,
C08-M07,2570614.507,
C08-M08,2189798.614,
C08-M09,2439706.703,
C08-M11,2515393.309,
C08-M12,2375148.078,
C08-M13,2335010.417,
C08-M14,2410676.598,
C08-M15,2472433.654,
C08-M17,2270257.758,
C08-M18,2293885.568,
C08-M19,2320648.548,
C08-M20,2485260.277,
C08-M21,2220248.226,
C08-M22,2493954.331,
C08-M23,2489232.854,
C08-M24,2485597.282,
C34-F01,2552048.583,
C34-F02,2710161.899,
C34-F03,2744808.758,
C34-F04,2672703.258,
C34-F05,2618693.918,
C34-F06,2743447.121,
C34-F07,2915112.131,
C34-F08,2579465.149,
C34-F09,2727580.643,
C34-F10,2604931.169,
C34-F11,2486015.986,
C34-F12,2619436.01,
C34-F13,2811038.793,
C34-F14,2589714.873,
C34-F15,2770707.098,
C34-F16,2640827.331,
C34-F17,2572929.29,
C34-F18,2662222.056,
C34-F19,2550462.276,
C34-F20,2699571.765,
C34-F21,2464505.521,
C34-F22,2593534.266,
C34-F23,2550748.22,
C34-F24,2733905.448,
C34-F25,2475071.826,
C34-F26,2610391.335,
C34-F27,2699394.752,
C34-F28,2702744.38,
C34-F29,2493150.965,
C34-F30,2585316.785,
C34-F31,2629617.652,
C34-F32,2592499.421,
C34-F33,2559857.573,
C34-F34,2675988.208,
C34-F35,2497852.017,
C34-F36,2742647.159,
C34-F37,2615017.497,
C34-F38a,2667859.234,
C34-F39,2606561.73,
C34-F40,2858798.219,
C34-F41,2757271.143,
C34-F42,2643462.099,
C34-F43,2694305.633,
C34-F44,2541032.938,
C34-F45,2592203.265,
C34-F46,2655713.43,
C34-F47,2695830.667,
C34-F48,2508152.803,
C34-F49,2743671.791,
C34-F50,2581987.582,
C34-F51,2504163.206,
C34-F52,2687691.48,
C34-F53,2659134.543,
C34-F54,2562744.244,
C34-M01,2433065.318,
C34-M02,2187953.595,
C34-M03,2344167.427,
C34-M04,2177397.503,
C34-M05,2184318.024,
C34-M06,2316907.45,
C34-M07,2319831.565,
C34-M08,2435536.689,
C34-M09,2239140.943,
C34-M10,2364231.152,
C34-M11,2366362.114,
C34-M12,2479885.214,
C34-M13,2169316.186,
C34-M14,2373476.668,
C34-M15,2404007.979,
C34-M16,2418363.04,
C34-M17,2265315.015,
C34-M18,2356051.116,
C34-M19,2370586.593,
C34-M20,2275357.089,
C34-M21,2296745.006,
C34-M22,2373343.909,
C34-M23,2374446.835,
C34-M24,2306119.879,
C34-M25,2423040.264,
C34-M26,2296414.809,
C34-M27,2370518.511,
C34-M28,2380495.908,
C34-M29,2604423.959,
C34-M30,2573504.582,
C34-M31,2442021.487,
C34-M32,2258234.501,
C34-M33,2223209.787,
C34-M34,2356677.469,
C34-M35,2263167.032,
C34-M36,2387807.9,
C34-M37,2283564.358,
C34-M38,2213235.795,
C34-M39,2288486.676,
C34-M40,2388155.118,
C34-M41,2341284.16,
C34-M42,2284592.394,
C34-M43,2274740.949,
C34-M44,2586446.944,
C34-M45,2388897.21,
C34-M46,2163638.159,
C34-M47,2236233.848,
C34-M48,2295148.487,
C34-M49,2299519.342,
C34-M50,2315586.661,
C34-M51,2324658.569,
C34-M52,2483878.215,
C34-M53,2233238.246,
C34-M54,2317033.401,
C48-F02,2900307.73,
C48-F03,2487833.771,
C48-F04,3063979.929,
C48-F05,2509129.778,
C48-F06,3156680.192,
C48-F07,2995829.986,
C48-F08,3025939.189,
C48-F09,2450531.719,
C48-F10,2557130.894,
C48-F11,3040154.682,
C48-F12,3134509.334,
C48-F13,3057073.025,
C48-F14,2990417.478,
C48-F16,3068585.667,
C48-F17,3023341.866,
C48-F18,2448485.859,
C48-F19,2997977.969,
C48-F20,2599249.738,
C48-F21,2504387.876,
C48-F22,3066025.789,
C48-F23,3056667.938,
C48-F24,2981379.611,
C48-F25,3060943.478,
C48-F26,2777978.241,
C48-F27,3198557.345,
C48-F28,2673622.364,
C48-F29,2757458.368,
C48-F30,3059629.499,
C48-MA48,2338336.215,
C48-MA49,2423840.225,
C48-MA50,2243338.19,
C48-MA51,2317649.542,
C48-MA52,2310582.645,
C48-MA53,2348391.906,
C48-MA54,2437473.618,
C48-MA55,2441064.936,
C48-MA56,2548065.794,
C48-MA57,2520564.126,
C48-MA58,2442310.835,
C48-MA59,2384131.48,
C48-MA60,2338703.858,
C48-MA61,2292316.281,
C48-MA62,2367448.019,
C48-MA64,2376199.943,
C48-MA65,2335354.23,
C48-MA66,2414101.115,
C48-MA67,2536001.688,
C48-MA68,2311889.816,
C48-MA01,2499829.795,
C48-MA02,2501341.213,
C48-MA03,2562730.627,
C48-MA04,2539245.789,
C48-MA05,2422924.524,
C48-MA06,2486227.039,
C48-MA07,2495802.753,
C48-MA08,2429651.012,
C48-MA09,2391389.006,
C48-MA10,2495969.554,
C48-MA11,2386374.777,
C48-MA12,2500891.872,
C48-MA13,2508173.227,
C48-MA14,2412913.087,
C48-MA15,2329230.266,
C48-MA16,2725847.96,
C48-MA17,2319351.588,
C48-MA18,2312740.84,
C48-MA19,2223734.018,
C48-MA20,2392716.602,
C48-MA21,2438014.869,
C48-MA22,2393380.401,
C48-MA23,2333199.439,
C48-MA24,2364874.525,
C48-MA25,2292898.381,
C48-MA26,2272419.357,
C48-MA27,2346192.862,
C48-MA28,2365153.661,
C48-MA29,2382197.955,
C48-MA30,2403078.662,
C48-MA31,2423693.849,
C48-MA32,2241554.445,
C48-MA33,2249121.744,
C48-MA34,2447590.583,
C48-MA35,2373878.351,
C48-MA36,2322639.942,
C48-MA37,2400025.19,
C48-MA38,2524060.13,
C48-MA39,2381993.709,
C48-MA40,2468958.075,
C48-MA41,2401196.198,
C48-MA42,2438474.422,
C48-MA43,2341835.623,
C48-MA44,2378409.199,
C48-MA45,2417205.648,
C48-MA47,2234068.844,
C48-FA01,3028264.185,
C48-FA02,2832733.078,
C48-FA03,2950157.269,
C48-FA04,2939359.486,
C48-FA05,3045788.456,
C48-FA07,2775350.281,
C48-FA08,3146301.112,
C48-FA10,2879045.765,
C48-FA11,2882861.753,
C48-FA13,2844749.527,
C48-FA14,2995492.981,
C48-FA15,3108287.605,
C48-FA16,2937330.646,
C48-FA17,2835524.435,
C48-FA18,2915830.394,
C48-FA19,2959453.847,
C48-FA20,2774284.8,
C48-FA23,2868258.194,
C48-FA26,2727883.607,
C48-FA27,2761590.937,
C48-FA28,2733976.934,
C48-FA29,2845729.906,
C48-FA30,2748018.818,
C48-FA32,2731025.585,
C48-FA33,2796326.303,
C48-FA34,2608277.393,
C48-FA36,2865599.597,
C48-FA37,2973417.437,
C48-FA38,2789085.797,
C48-FA39,2846206.479,
C48-FA40,2712326.902,
C48-FA41,2762448.768,
C48-FA42,2763286.175,
C48-FA44,2842553.887,
C48-FA45,2728336.352,
C48-FA46,2845692.461,
C48-FA47,2870729.565,
C48-FA49,2917382.661,
C48-FA50,2836181.425,
C48-FA51,2773158.045,
C48-FA52,2617451.424,
C48-FA53,2901985.948,
C48-FA54,2807393.009,
C48-FA55,2724864.177,
C48-FA56,2818238.45,
C48-FA57,2598255.743,
C48-FA58,2783213.736,
C48-FA59,2883225.991,
C48-FA60,2844443.158,
C48-FA61,2907847.796,
C48-FA62,2888175.542,
C48-FA63,2801745.619,
C48-FA65,2773852.48,
C48-FA66,2761458.177,
C48-FA67,2760365.463,
C48-FA68,2754438.937,
C48-FA69,2264188.26,
C48-M02,2477277.679,
C48-M03,2529285.413,
C48-M05,2392917.444,
C48-M06,2429879.087,
C48-M07,2504275.541,
C48-M08,2310701.788,
C48-M09,2410264.702,
C48-M11,2395708.8,
C48-M12,2445908.961,
C48-M13,2384400.403,
C48-M14,2409658.774,
C48-M15,2251368.445,
C48-M16,2578757.098,
C48-M17,2292714.56,
C48-M18,2236509.579,
C48-M19,2122823.082,
C48-M20,2367836.086,
C48-M21,2363574.162,
C48-M22,2366079.574,
C48-M23,2245758.5,
C48-M24,2292816.683,
C48-M25,2268981.223,
C48-M26,2344436.35,
C48-M27,2333601.122,
C48-M28,2380819.297,
C48-M29,2399497.556,
C48-M30,2400733.242,
C48-M31,2338564.29,
C48-M32,2309803.107,
C48-M33,2175617.162,
C48-M34,2443052.927,
C48-M35,2350158.631,
C48-M36,2436200.487,
C48-M37,2384601.245,
C48-M38,2396879.808,
C48-M39,2360207.514,
C48-M40,2414267.916,
C48-M41,2375992.293,
C48-M42,2503584.51,
C48-M43,2339057.883,
C48-M44,2431856.865,
C48-M45,2409168.584,
C48-M46,2333362.835,
C48-M48,2355077.545,
C48-M49,2164478.97,
C48-M50,2195177.081,
C48-M51,2291308.67,
C48-M52,2361085.77,
C48-M53,2339296.17,
C48-M54,2442406.149,
C48-M55,2426495.418,
C48-M56,2486737.653,
C48-M57,2535365.123,
C48-M58,2418311.978,
C48-M59,2366328.073,
C48-M60,2175943.955,
C48-M61,2232012.772,
C48-M62,2244628.341,
C48-F01,2927298.784,
C48-F02,2824934.301,
C48-F03,2985784.507,
C48-F04,2882340.927,
C48-F05,2960427.418,
C48-F06,2932833.839,
C48-F07,2823892.649,
C48-F08,2971677.946,
C48-F09,2905502.376,
C48-F10,2806174.344,
C48-F11,2898738.443,
C48-F13,2764348.252,
C48-F15,3006784.358,
C48-F17,2821438.297,
C48-F18,2791730.777,
C48-F19,2672492.205,
C48-F20A,2719335.93,
C48-F21,2656639.343,
C48-F22,2794927.22,
C48-F23,2861531.706,
C48-F25,2477968.71,
C48-F26,2688842.064,
C48-F27,2656942.307,
C48-F28,2840470.582,
C48-F29,2754547.868,
C25-F06,3001640.773,
C25-F07,2943345.679,
C25-F09,2965948.857,
C25-F10,2696627.225,
C25-F12,2939842.867,
C25-F13,2899157.147,
C25-F14,2783703.926,
C25-F15,3009664.22,
C25-F16,2843221.089,
C25-F17,2456386.759,
C25-F18,2874286.842,
C25-F19,2893625.495,
C25-F20,3034197.519,
C25-F21,2880502.716,
C25-F22,2915571.683,
C25-F23,2990665.977,
C25-F24,3083614.738,
C25-F25,2989883.035,
C25-F26,2832505.004,
C25-F27,2964457.864,
C25-F29,2964815.294,
C25-F30,3022953.8,
C25-F31,2930665.432,
C25-F32,2988875.424,
C25-F34,2809357.171,
C25-F35,2939737.34,
C25-F36,2998195.831,
C25-F37,3012700.671,
C25-F38,3115146.853,
C25-F39,3060027.777,
C25-F40,2887113.465,
C25-F41,2902670.171,
C25-F42,3029765.39,
C25-F43,2890306.505,
C25-F44,2995227.461,
C25-F45,2985794.72,
C25-F46,2879944.445,
C25-F47,3113815.852,
C25-F48,2976079.438,
C25-F49,2885312.7,
C25-F50,2852544.9,
C25-F51,2889516.755,
C25-F52,3039705.342,
C25-F53,2947427.186,
C25-F54,2945265.587,
C25-F55,2862038.916,
C25-M01,2555510.546,
C25-M02,2318156.752,
C25-M03,2898935.881,
C25-M04,2611051.729,
C25-M05,2519604.172,
C25-M06,2486751.27,
C25-M07,2455059.163,
C25-M08,2605390.722,
C25-M09,2387995.125,
C25-M10,2732639.125,
C25-M11,2282121.022,
C25-M12,2474064.215,
C25-M13,2596434.553,
C25-M14,2554938.658,
C25-M15,2440091.366,
C25-M16,2549818.902,
C25-M17,2576854.21,
C25-M18,2454936.616,
C25-M19,2491043.831,
C25-M20,2523655.043,
C25-M21,2463324.301,
C25-M22,2390892.009,
C25-M23,2575210.033,
C25-M24,2586286.951,
C25-M25,2400706.009,
